customer_id,signup_date,churn_date,is_churned,monthly_revenue
1,13-04-2022,,FALSE,19
2,12-03-2023,,FALSE,19
3,10-05-2024,,FALSE,149
4,28-09-2022,,FALSE,29
5,17-04-2022,,FALSE,149
6,13-03-2022,22-08-2022,TRUE,49
7,02-12-2023,,FALSE,19
8,21-01-2022,,FALSE,79
9,07-09-2023,,FALSE,19
10,02-05-2022,,FALSE,79
11,12-04-2023,,FALSE,149
12,03-08-2022,,FALSE,149
13,27-11-2022,,FALSE,29
14,04-04-2023,,FALSE,19
15,29-03-2022,,FALSE,99
16,08-01-2023,,FALSE,149
17,10-04-2022,,FALSE,149
18,21-05-2024,06-05-2025,TRUE,29
19,26-10-2023,19-01-2024,TRUE,79
20,11-05-2022,,FALSE,29
21,24-10-2023,27-06-2024,TRUE,19
22,05-11-2022,,FALSE,49
23,09-02-2024,22-01-2025,TRUE,49
24,10-12-2022,,FALSE,79
25,07-05-2023,,FALSE,149
26,18-02-2023,,FALSE,79
27,16-03-2024,28-06-2024,TRUE,149
28,21-01-2023,,FALSE,149
29,11-07-2022,,FALSE,49
30,04-10-2022,17-09-2023,TRUE,79
31,10-06-2022,,FALSE,29
32,05-04-2023,,FALSE,149
33,10-11-2022,,FALSE,99
34,22-01-2022,,FALSE,99
35,10-09-2022,11-04-2023,TRUE,29
36,18-01-2024,,FALSE,99
37,06-05-2024,,FALSE,19
38,15-07-2023,06-01-2024,TRUE,149
39,20-04-2023,,FALSE,29
40,28-02-2022,,FALSE,79
41,26-05-2023,08-10-2023,TRUE,149
42,13-11-2023,,FALSE,29
43,21-04-2023,,FALSE,49
44,01-12-2023,,FALSE,79
45,22-02-2024,,FALSE,49
46,09-07-2022,20-05-2023,TRUE,149
47,18-11-2023,,FALSE,79
48,17-07-2023,,FALSE,99
49,25-05-2024,,FALSE,29
50,21-07-2023,,FALSE,149
51,01-09-2022,,FALSE,19
52,11-04-2024,,FALSE,79
53,20-05-2023,,FALSE,79
54,11-05-2022,,FALSE,149
55,30-04-2023,,FALSE,149
56,29-03-2024,,FALSE,49
57,09-10-2023,,FALSE,99
58,21-01-2022,16-04-2023,TRUE,49
59,20-04-2024,11-07-2024,TRUE,49
60,16-06-2022,,FALSE,99
61,01-10-2022,,FALSE,19
62,23-01-2023,,FALSE,49
63,24-08-2023,,FALSE,49
64,12-11-2022,,FALSE,79
65,14-01-2022,,FALSE,99
66,30-08-2022,,FALSE,29
67,16-02-2024,,FALSE,19
68,12-12-2022,,FALSE,19
69,19-07-2023,,FALSE,99
70,16-06-2024,,FALSE,149
71,06-12-2022,23-03-2024,TRUE,149
72,02-04-2022,12-09-2023,TRUE,79
73,02-01-2023,18-02-2024,TRUE,79
74,31-03-2023,,FALSE,99
75,04-03-2023,,FALSE,79
76,24-05-2023,,FALSE,19
77,15-02-2024,,FALSE,19
78,04-02-2022,01-12-2022,TRUE,29
79,25-07-2022,,FALSE,149
80,22-03-2022,23-08-2022,TRUE,99
81,16-07-2023,,FALSE,49
82,21-05-2024,13-03-2025,TRUE,149
83,23-01-2023,,FALSE,49
84,02-01-2022,18-04-2023,TRUE,29
85,25-01-2023,,FALSE,29
86,20-07-2023,,FALSE,79
87,16-04-2022,,FALSE,29
88,11-02-2024,,FALSE,29
89,01-04-2024,,FALSE,49
90,22-04-2023,,FALSE,79
91,04-12-2023,,FALSE,29
92,06-02-2023,,FALSE,149
93,31-12-2023,,FALSE,29
94,10-07-2023,,FALSE,79
95,11-06-2022,20-09-2022,TRUE,99
96,21-07-2022,,FALSE,79
97,27-09-2022,,FALSE,49
98,12-05-2024,,FALSE,99
99,26-03-2024,,FALSE,149
100,28-09-2022,,FALSE,19
101,01-04-2023,,FALSE,79
102,07-04-2023,09-07-2023,TRUE,49
103,28-12-2023,,FALSE,149
104,09-09-2022,,FALSE,99
105,03-12-2023,,FALSE,149
106,23-10-2022,,FALSE,79
107,26-12-2023,01-08-2024,TRUE,29
108,21-12-2023,,FALSE,79
109,19-01-2024,,FALSE,19
110,04-12-2022,,FALSE,79
111,28-05-2024,,FALSE,99
112,22-02-2022,,FALSE,99
113,02-03-2024,,FALSE,79
114,05-08-2022,,FALSE,99
115,03-02-2024,19-01-2025,TRUE,29
116,07-07-2022,,FALSE,149
117,15-01-2023,10-10-2023,TRUE,79
118,08-05-2023,,FALSE,29
119,10-02-2022,,FALSE,149
120,06-06-2022,,FALSE,149
121,15-01-2022,,FALSE,29
122,23-03-2024,04-02-2025,TRUE,49
123,06-03-2022,,FALSE,79
124,06-05-2024,04-06-2025,TRUE,149
125,18-04-2024,,FALSE,149
126,05-06-2023,,FALSE,99
127,10-12-2022,03-05-2023,TRUE,149
128,09-05-2022,,FALSE,29
129,10-10-2023,,FALSE,149
130,17-04-2023,,FALSE,49
131,04-03-2022,19-12-2022,TRUE,79
132,19-05-2022,02-12-2022,TRUE,79
133,14-05-2023,,FALSE,149
134,16-08-2023,,FALSE,19
135,27-01-2023,,FALSE,19
136,06-11-2023,,FALSE,29
137,23-02-2023,,FALSE,19
138,16-10-2022,25-07-2023,TRUE,29
139,14-01-2023,,FALSE,99
140,12-02-2024,,FALSE,29
141,05-05-2023,,FALSE,19
142,19-08-2022,21-07-2023,TRUE,149
143,10-02-2022,,FALSE,99
144,28-01-2022,,FALSE,19
145,15-05-2022,,FALSE,29
146,20-07-2022,,FALSE,49
147,19-04-2024,,FALSE,79
148,19-02-2024,,FALSE,19
149,02-02-2022,,FALSE,29
150,17-02-2022,,FALSE,99
151,18-05-2023,,FALSE,19
152,11-02-2023,,FALSE,19
153,28-07-2023,,FALSE,79
154,29-12-2023,07-06-2025,TRUE,29
155,15-03-2024,,FALSE,49
156,09-04-2022,10-07-2022,TRUE,99
157,15-11-2023,02-11-2024,TRUE,29
158,21-05-2024,26-10-2025,TRUE,99
159,27-12-2023,,FALSE,19
160,01-07-2023,09-03-2024,TRUE,79
161,09-01-2024,05-06-2024,TRUE,79
162,05-09-2023,29-03-2024,TRUE,149
163,07-04-2023,11-04-2024,TRUE,49
164,05-10-2023,,FALSE,79
165,08-02-2024,,FALSE,19
166,05-01-2022,,FALSE,49
167,06-08-2022,,FALSE,29
168,18-05-2023,,FALSE,79
169,06-02-2024,24-11-2024,TRUE,49
170,02-02-2023,,FALSE,19
171,20-05-2024,,FALSE,149
172,05-03-2024,,FALSE,99
173,28-01-2023,01-03-2023,TRUE,99
174,26-07-2022,,FALSE,19
175,15-01-2022,,FALSE,19
176,07-05-2024,,FALSE,99
177,08-07-2023,27-12-2024,TRUE,149
178,10-06-2024,21-12-2024,TRUE,49
179,06-04-2023,21-08-2023,TRUE,99
180,22-11-2023,,FALSE,19
181,29-07-2023,,FALSE,79
182,13-05-2024,28-01-2025,TRUE,29
183,13-01-2024,03-02-2025,TRUE,149
184,29-08-2022,,FALSE,149
185,18-07-2023,21-09-2023,TRUE,79
186,06-04-2022,30-06-2022,TRUE,79
187,18-06-2024,,FALSE,19
188,04-01-2024,12-05-2025,TRUE,99
189,30-04-2023,,FALSE,49
190,11-02-2023,,FALSE,149
191,19-08-2022,,FALSE,149
192,19-01-2024,21-02-2024,TRUE,79
193,17-10-2023,23-01-2024,TRUE,99
194,20-06-2022,,FALSE,149
195,25-06-2023,,FALSE,49
196,05-02-2022,,FALSE,79
197,09-06-2023,25-11-2023,TRUE,49
198,09-06-2022,,FALSE,99
199,18-04-2024,,FALSE,149
200,30-11-2023,,FALSE,29
201,31-08-2022,,FALSE,149
202,27-03-2022,,FALSE,99
203,06-03-2024,,FALSE,149
204,01-08-2023,,FALSE,149
205,13-11-2023,,FALSE,19
206,11-07-2023,16-07-2024,TRUE,149
207,28-07-2023,,FALSE,149
208,08-10-2023,07-01-2025,TRUE,49
209,06-03-2024,,FALSE,29
210,28-01-2022,,FALSE,49
211,12-09-2023,,FALSE,49
212,10-07-2023,01-10-2023,TRUE,79
213,06-12-2022,26-05-2024,TRUE,19
214,08-03-2024,12-08-2024,TRUE,49
215,27-11-2022,,FALSE,99
216,02-10-2023,,FALSE,99
217,21-05-2023,,FALSE,149
218,14-12-2022,,FALSE,79
219,18-04-2023,,FALSE,19
220,19-08-2022,,FALSE,19
221,09-07-2022,31-01-2023,TRUE,149
222,13-08-2022,,FALSE,99
223,20-01-2023,,FALSE,29
224,12-01-2023,17-02-2024,TRUE,79
225,10-10-2022,,FALSE,149
226,25-09-2023,,FALSE,79
227,20-09-2023,,FALSE,99
228,15-01-2024,,FALSE,99
229,16-09-2022,,FALSE,29
230,25-12-2022,,FALSE,29
231,11-12-2023,,FALSE,19
232,01-04-2023,,FALSE,79
233,15-02-2023,,FALSE,79
234,11-10-2023,,FALSE,99
235,14-11-2022,11-12-2023,TRUE,19
236,08-11-2023,,FALSE,149
237,13-08-2022,16-06-2023,TRUE,79
238,29-03-2024,,FALSE,19
239,22-08-2022,,FALSE,19
240,15-11-2023,,FALSE,99
241,26-10-2023,,FALSE,19
242,06-04-2024,,FALSE,29
243,09-01-2023,,FALSE,29
244,03-11-2023,,FALSE,49
245,31-08-2023,,FALSE,99
246,17-04-2023,10-05-2023,TRUE,149
247,21-08-2022,02-06-2023,TRUE,49
248,23-11-2023,,FALSE,29
249,23-04-2022,29-05-2023,TRUE,49
250,09-04-2024,,FALSE,99
251,12-05-2023,,FALSE,99
252,18-03-2023,,FALSE,19
253,18-07-2023,,FALSE,79
254,25-09-2022,,FALSE,19
255,25-05-2023,,FALSE,99
256,17-03-2024,,FALSE,29
257,21-01-2023,,FALSE,149
258,22-01-2023,,FALSE,29
259,23-04-2022,08-08-2022,TRUE,19
260,05-09-2023,,FALSE,149
261,17-09-2023,,FALSE,99
262,22-03-2022,,FALSE,29
263,30-11-2023,16-05-2024,TRUE,99
264,23-04-2022,,FALSE,149
265,02-01-2022,25-02-2023,TRUE,149
266,04-10-2023,15-03-2024,TRUE,29
267,08-08-2022,,FALSE,99
268,20-07-2023,,FALSE,49
269,04-05-2024,,FALSE,99
270,06-01-2024,,FALSE,149
271,13-08-2022,,FALSE,99
272,20-01-2023,,FALSE,19
273,07-02-2023,15-11-2023,TRUE,49
274,30-09-2023,,FALSE,79
275,10-05-2022,,FALSE,19
276,22-02-2022,,FALSE,79
277,15-11-2023,,FALSE,29
278,31-12-2023,,FALSE,79
279,03-11-2023,12-01-2025,TRUE,99
280,11-12-2023,,FALSE,79
281,20-02-2023,,FALSE,149
282,04-09-2022,03-01-2024,TRUE,19
283,15-04-2024,14-09-2025,TRUE,19
284,15-03-2023,,FALSE,79
285,22-07-2022,19-08-2022,TRUE,19
286,03-07-2022,,FALSE,149
287,03-05-2022,,FALSE,19
288,05-02-2023,18-02-2024,TRUE,79
289,06-02-2024,,FALSE,49
290,21-10-2022,,FALSE,49
291,07-10-2022,,FALSE,29
292,16-04-2024,27-08-2024,TRUE,19
293,02-06-2024,09-02-2025,TRUE,79
294,02-09-2023,,FALSE,19
295,17-07-2022,,FALSE,99
296,26-05-2023,,FALSE,149
297,22-01-2024,,FALSE,19
298,24-05-2022,,FALSE,19
299,01-09-2023,02-03-2024,TRUE,49
300,20-07-2022,,FALSE,149
301,04-05-2022,,FALSE,79
302,06-07-2022,,FALSE,19
303,22-11-2022,,FALSE,49
304,09-04-2023,26-09-2024,TRUE,29
305,15-12-2022,28-05-2024,TRUE,149
306,10-02-2024,,FALSE,49
307,22-10-2023,,FALSE,49
308,03-02-2024,,FALSE,49
309,07-02-2023,,FALSE,19
310,12-12-2022,,FALSE,19
311,26-05-2023,10-07-2024,TRUE,29
312,27-05-2022,,FALSE,99
313,28-05-2022,25-09-2022,TRUE,99
314,13-05-2024,20-08-2024,TRUE,99
315,12-12-2023,,FALSE,149
316,30-03-2024,,FALSE,149
317,04-05-2023,,FALSE,29
318,02-10-2023,17-05-2024,TRUE,149
319,05-07-2023,17-11-2023,TRUE,99
320,04-12-2022,29-04-2023,TRUE,99
321,21-05-2024,18-12-2024,TRUE,49
322,03-10-2023,,FALSE,149
323,18-02-2024,22-03-2024,TRUE,19
324,18-04-2023,,FALSE,19
325,31-05-2022,26-06-2022,TRUE,49
326,19-02-2023,25-05-2023,TRUE,49
327,25-10-2022,04-10-2023,TRUE,49
328,03-09-2023,,FALSE,19
329,20-09-2022,,FALSE,99
330,03-02-2024,,FALSE,49
331,24-05-2022,,FALSE,29
332,12-12-2022,,FALSE,49
333,16-09-2023,26-10-2024,TRUE,79
334,26-07-2023,,FALSE,49
335,30-05-2024,,FALSE,19
336,02-01-2022,,FALSE,149
337,15-06-2024,,FALSE,49
338,31-10-2022,,FALSE,149
339,11-09-2022,,FALSE,79
340,14-10-2023,30-08-2024,TRUE,29
341,29-03-2023,,FALSE,149
342,06-02-2022,,FALSE,99
343,09-06-2022,,FALSE,49
344,09-01-2022,,FALSE,79
345,21-08-2022,,FALSE,79
346,09-04-2022,,FALSE,149
347,21-10-2023,,FALSE,29
348,26-03-2024,,FALSE,19
349,27-07-2022,,FALSE,49
350,11-05-2022,16-02-2023,TRUE,79
351,08-02-2023,,FALSE,29
352,01-06-2022,05-09-2023,TRUE,99
353,23-02-2022,,FALSE,79
354,30-04-2022,,FALSE,29
355,04-11-2023,01-02-2025,TRUE,19
356,20-09-2023,,FALSE,19
357,10-08-2023,26-08-2023,TRUE,79
358,17-09-2023,04-03-2025,TRUE,79
359,24-02-2023,,FALSE,149
360,26-02-2023,,FALSE,49
361,14-04-2022,,FALSE,29
362,01-05-2024,,FALSE,79
363,11-09-2022,,FALSE,49
364,15-08-2022,,FALSE,149
365,22-04-2022,11-03-2023,TRUE,49
366,25-05-2023,,FALSE,79
367,18-04-2023,,FALSE,19
368,09-04-2022,,FALSE,29
369,02-06-2022,20-11-2023,TRUE,29
370,10-05-2024,,FALSE,19
371,14-06-2024,,FALSE,79
372,27-05-2024,,FALSE,29
373,04-12-2022,31-03-2024,TRUE,79
374,07-12-2023,20-07-2024,TRUE,149
375,01-04-2024,,FALSE,79
376,12-06-2022,,FALSE,49
377,21-12-2023,,FALSE,19
378,12-11-2023,17-03-2024,TRUE,79
379,10-06-2022,,FALSE,149
380,03-08-2023,25-08-2023,TRUE,99
381,11-03-2024,,FALSE,19
382,02-02-2023,,FALSE,29
383,04-10-2022,07-02-2024,TRUE,49
384,26-03-2024,,FALSE,29
385,19-05-2023,04-09-2024,TRUE,149
386,14-06-2024,08-03-2025,TRUE,149
387,27-01-2023,,FALSE,29
388,15-05-2022,,FALSE,19
389,14-07-2022,,FALSE,29
390,05-02-2023,,FALSE,79
391,02-10-2023,27-12-2024,TRUE,29
392,02-02-2022,10-10-2022,TRUE,49
393,19-11-2023,04-10-2024,TRUE,49
394,05-04-2023,09-08-2024,TRUE,99
395,01-06-2024,,FALSE,49
396,15-04-2023,,FALSE,29
397,10-01-2023,,FALSE,49
398,22-01-2022,25-02-2022,TRUE,19
399,20-01-2024,,FALSE,49
400,01-11-2023,,FALSE,79
401,07-02-2022,25-09-2022,TRUE,19
402,18-08-2022,,FALSE,99
403,31-12-2022,,FALSE,79
404,17-07-2023,13-12-2023,TRUE,29
405,14-03-2023,,FALSE,29
406,15-02-2024,,FALSE,29
407,10-10-2022,,FALSE,79
408,27-01-2022,,FALSE,79
409,14-08-2022,,FALSE,79
410,04-10-2022,,FALSE,19
411,08-03-2024,,FALSE,149
412,01-09-2023,,FALSE,19
413,11-10-2022,,FALSE,29
414,28-05-2024,,FALSE,149
415,26-04-2023,,FALSE,49
416,29-03-2023,19-08-2023,TRUE,29
417,08-04-2024,06-06-2025,TRUE,99
418,26-03-2024,,FALSE,19
419,21-10-2023,,FALSE,79
420,31-05-2023,09-08-2024,TRUE,19
421,01-07-2023,04-05-2024,TRUE,79
422,11-07-2022,28-03-2023,TRUE,149
423,18-02-2022,,FALSE,99
424,27-05-2023,,FALSE,149
425,17-01-2022,,FALSE,99
426,21-06-2022,,FALSE,19
427,08-08-2022,,FALSE,79
428,07-06-2022,15-09-2022,TRUE,149
429,22-04-2023,,FALSE,99
430,15-02-2022,11-03-2023,TRUE,29
431,08-01-2023,,FALSE,29
432,02-06-2023,,FALSE,149
433,09-04-2022,13-07-2023,TRUE,79
434,10-06-2024,,FALSE,149
435,15-01-2024,,FALSE,19
436,06-02-2022,,FALSE,99
437,07-10-2022,03-11-2023,TRUE,19
438,15-12-2022,,FALSE,29
439,12-05-2023,,FALSE,99
440,29-10-2022,07-12-2023,TRUE,149
441,30-06-2022,03-09-2022,TRUE,19
442,30-08-2023,,FALSE,49
443,09-04-2022,21-12-2022,TRUE,79
444,01-12-2023,,FALSE,79
445,26-04-2022,,FALSE,49
446,10-07-2022,,FALSE,29
447,10-09-2022,15-07-2023,TRUE,99
448,10-06-2022,,FALSE,79
449,13-09-2022,20-06-2023,TRUE,49
450,19-11-2022,02-04-2023,TRUE,149
451,08-05-2022,,FALSE,49
452,18-01-2022,,FALSE,29
453,03-03-2024,,FALSE,29
454,05-01-2024,,FALSE,19
455,20-07-2023,07-04-2024,TRUE,79
456,24-07-2023,16-10-2023,TRUE,19
457,19-11-2022,,FALSE,49
458,21-05-2024,,FALSE,99
459,17-11-2023,,FALSE,99
460,02-03-2024,12-05-2024,TRUE,29
461,18-09-2023,,FALSE,99
462,15-10-2022,15-11-2023,TRUE,99
463,03-05-2024,25-06-2024,TRUE,99
464,25-10-2023,,FALSE,49
465,01-10-2023,31-12-2024,TRUE,99
466,04-06-2022,06-07-2022,TRUE,149
467,05-05-2023,,FALSE,99
468,21-01-2023,,FALSE,99
469,24-02-2024,,FALSE,19
470,14-04-2022,15-04-2023,TRUE,49
471,28-01-2023,06-12-2023,TRUE,29
472,21-03-2024,12-01-2025,TRUE,19
473,03-09-2022,05-01-2023,TRUE,79
474,25-06-2022,,FALSE,49
475,08-02-2022,,FALSE,149
476,22-04-2023,,FALSE,49
477,13-11-2023,,FALSE,79
478,29-01-2024,,FALSE,79
479,22-06-2023,,FALSE,79
480,16-05-2024,,FALSE,29
481,28-03-2024,,FALSE,99
482,12-02-2023,,FALSE,49
483,09-06-2023,20-12-2023,TRUE,99
484,07-04-2024,,FALSE,99
485,21-05-2023,,FALSE,149
486,04-04-2024,13-05-2024,TRUE,79
487,05-02-2022,17-04-2022,TRUE,29
488,16-11-2023,,FALSE,149
489,20-01-2022,,FALSE,19
490,17-11-2022,,FALSE,29
491,15-02-2024,,FALSE,99
492,27-05-2023,07-12-2023,TRUE,29
493,04-02-2023,,FALSE,79
494,16-10-2023,,FALSE,19
495,01-06-2024,,FALSE,79
496,16-04-2023,,FALSE,19
497,23-05-2022,24-01-2023,TRUE,149
498,02-04-2022,25-03-2023,TRUE,99
499,20-12-2022,24-04-2024,TRUE,19
500,13-04-2024,,FALSE,19
501,10-03-2024,22-06-2025,TRUE,19
502,28-12-2023,,FALSE,29
503,03-05-2024,,FALSE,149
504,20-02-2022,24-10-2022,TRUE,29
505,27-10-2023,25-08-2024,TRUE,99
506,29-11-2023,13-07-2024,TRUE,19
507,29-07-2023,,FALSE,149
508,09-07-2022,07-04-2023,TRUE,149
509,05-05-2022,,FALSE,49
510,30-05-2022,,FALSE,99
511,10-11-2022,,FALSE,149
512,24-07-2023,,FALSE,19
513,08-12-2022,,FALSE,19
514,01-11-2022,,FALSE,149
515,23-11-2023,23-07-2024,TRUE,29
516,13-11-2023,10-07-2024,TRUE,99
517,17-04-2024,,FALSE,19
518,22-02-2024,,FALSE,149
519,23-02-2022,,FALSE,19
520,20-03-2023,11-06-2024,TRUE,149
521,05-09-2023,25-10-2024,TRUE,99
522,21-09-2022,,FALSE,149
523,22-02-2022,04-06-2022,TRUE,49
524,26-07-2023,,FALSE,149
525,12-09-2023,,FALSE,149
526,05-01-2022,,FALSE,99
527,13-04-2022,,FALSE,149
528,15-07-2022,,FALSE,99
529,13-02-2024,01-01-2025,TRUE,49
530,26-05-2024,,FALSE,99
531,02-06-2024,,FALSE,19
532,16-12-2022,,FALSE,99
533,16-02-2022,08-02-2023,TRUE,49
534,16-05-2024,,FALSE,79
535,02-04-2024,,FALSE,149
536,30-03-2024,23-06-2025,TRUE,99
537,18-10-2023,26-04-2024,TRUE,149
538,26-09-2022,,FALSE,29
539,05-01-2023,,FALSE,19
540,28-09-2023,,FALSE,19
541,16-04-2022,16-09-2022,TRUE,29
542,01-11-2023,27-05-2024,TRUE,29
543,21-10-2023,,FALSE,99
544,19-10-2023,,FALSE,29
545,30-04-2022,,FALSE,79
546,10-04-2024,,FALSE,149
547,26-02-2024,,FALSE,149
548,27-08-2023,,FALSE,49
549,27-02-2022,,FALSE,29
550,12-12-2022,,FALSE,29
551,11-01-2024,,FALSE,79
552,19-04-2023,,FALSE,19
553,27-04-2022,,FALSE,19
554,09-04-2024,26-10-2024,TRUE,149
555,01-03-2024,,FALSE,149
556,07-05-2022,25-12-2022,TRUE,99
557,28-01-2023,,FALSE,79
558,03-10-2023,,FALSE,49
559,27-02-2022,,FALSE,49
560,26-09-2023,22-03-2024,TRUE,79
561,28-05-2023,,FALSE,49
562,21-01-2024,,FALSE,19
563,12-03-2024,03-09-2024,TRUE,49
564,06-04-2022,27-09-2023,TRUE,49
565,30-09-2023,25-11-2023,TRUE,79
566,28-04-2022,08-12-2022,TRUE,79
567,14-07-2023,,FALSE,49
568,24-08-2023,,FALSE,29
569,03-05-2023,,FALSE,79
570,25-08-2022,,FALSE,99
571,03-06-2024,19-03-2025,TRUE,99
572,15-06-2024,,FALSE,19
573,29-09-2022,19-07-2023,TRUE,49
574,08-07-2022,,FALSE,29
575,05-12-2023,,FALSE,19
576,23-03-2023,,FALSE,49
577,04-08-2023,,FALSE,79
578,29-02-2024,20-11-2024,TRUE,99
579,10-05-2024,30-03-2025,TRUE,149
580,04-09-2022,05-02-2023,TRUE,29
581,17-03-2022,,FALSE,149
582,03-06-2022,13-08-2022,TRUE,99
583,18-10-2023,,FALSE,149
584,11-03-2023,,FALSE,79
585,27-03-2022,,FALSE,49
586,28-11-2023,02-04-2024,TRUE,79
587,12-10-2022,31-10-2022,TRUE,149
588,08-08-2022,,FALSE,79
589,10-03-2022,,FALSE,99
590,16-02-2022,,FALSE,29
591,04-04-2022,02-06-2023,TRUE,79
592,20-01-2024,,FALSE,99
593,29-03-2023,,FALSE,29
594,23-07-2022,24-09-2023,TRUE,49
595,06-08-2022,,FALSE,149
596,19-04-2023,01-11-2023,TRUE,49
597,08-03-2023,,FALSE,19
598,07-12-2022,,FALSE,99
599,05-07-2023,01-08-2023,TRUE,29
600,04-09-2023,,FALSE,79
601,16-10-2022,,FALSE,49
602,11-09-2022,,FALSE,29
603,04-01-2024,22-12-2024,TRUE,99
604,23-12-2022,22-09-2023,TRUE,19
605,23-01-2022,,FALSE,49
606,01-02-2024,,FALSE,149
607,06-06-2023,18-09-2023,TRUE,29
608,28-01-2024,,FALSE,149
609,16-04-2024,,FALSE,29
610,10-04-2022,30-12-2022,TRUE,29
611,12-03-2024,,FALSE,99
612,29-06-2022,25-03-2023,TRUE,99
613,11-08-2022,,FALSE,99
614,01-02-2024,,FALSE,79
615,21-10-2023,20-02-2024,TRUE,29
616,18-03-2023,,FALSE,49
617,31-08-2023,,FALSE,149
618,08-02-2024,,FALSE,99
619,21-11-2022,,FALSE,99
620,31-05-2023,,FALSE,149
621,16-01-2022,30-05-2023,TRUE,149
622,02-03-2024,29-11-2024,TRUE,29
623,02-12-2022,24-09-2023,TRUE,99
624,29-01-2024,,FALSE,149
625,15-09-2022,,FALSE,79
626,12-05-2023,,FALSE,79
627,14-06-2024,24-09-2024,TRUE,99
628,09-06-2022,,FALSE,149
629,20-04-2023,,FALSE,29
630,01-05-2024,,FALSE,29
631,26-10-2023,,FALSE,29
632,21-11-2023,26-06-2024,TRUE,19
633,06-11-2023,06-12-2023,TRUE,99
634,15-01-2023,,FALSE,29
635,29-06-2023,,FALSE,79
636,22-11-2023,05-05-2024,TRUE,149
637,03-03-2023,,FALSE,49
638,05-09-2023,,FALSE,49
639,25-09-2022,,FALSE,29
640,14-04-2024,,FALSE,49
641,31-07-2023,,FALSE,49
642,21-02-2023,,FALSE,19
643,17-06-2022,,FALSE,79
644,21-04-2024,,FALSE,79
645,12-02-2022,,FALSE,19
646,10-07-2023,,FALSE,19
647,12-10-2022,07-07-2023,TRUE,49
648,01-02-2023,,FALSE,99
649,12-01-2022,,FALSE,149
650,30-08-2023,,FALSE,149
651,29-10-2022,,FALSE,49
652,16-06-2024,,FALSE,149
653,10-09-2022,,FALSE,19
654,14-05-2023,,FALSE,79
655,24-01-2024,13-08-2024,TRUE,149
656,04-02-2022,,FALSE,49
657,28-12-2023,,FALSE,99
658,28-04-2024,,FALSE,49
659,31-03-2022,09-03-2023,TRUE,29
660,15-02-2024,01-04-2025,TRUE,49
661,28-08-2023,,FALSE,19
662,25-08-2023,06-02-2025,TRUE,79
663,22-02-2023,09-06-2024,TRUE,79
664,25-04-2022,04-04-2023,TRUE,149
665,09-09-2023,10-03-2024,TRUE,19
666,15-07-2022,30-07-2023,TRUE,29
667,05-04-2024,,FALSE,19
668,16-05-2023,,FALSE,49
669,18-09-2023,,FALSE,19
670,08-05-2023,,FALSE,19
671,16-03-2022,,FALSE,29
672,17-02-2023,28-08-2023,TRUE,49
673,11-01-2023,22-01-2024,TRUE,99
674,24-02-2023,,FALSE,99
675,30-12-2023,22-02-2024,TRUE,79
676,04-10-2022,,FALSE,149
677,31-01-2024,,FALSE,19
678,07-11-2023,,FALSE,79
679,29-01-2023,03-04-2024,TRUE,29
680,18-05-2024,,FALSE,99
681,02-04-2023,,FALSE,19
682,11-07-2022,15-07-2023,TRUE,29
683,09-01-2024,,FALSE,149
684,20-11-2023,,FALSE,29
685,09-04-2022,,FALSE,19
686,02-07-2023,27-03-2024,TRUE,149
687,06-04-2022,,FALSE,29
688,26-10-2023,,FALSE,149
689,25-10-2023,,FALSE,19
690,09-07-2022,13-12-2022,TRUE,19
691,06-01-2024,,FALSE,149
692,06-02-2022,03-03-2022,TRUE,49
693,19-02-2024,,FALSE,79
694,04-01-2023,13-02-2023,TRUE,29
695,26-11-2023,,FALSE,29
696,09-06-2023,,FALSE,49
697,06-10-2022,,FALSE,49
698,05-08-2022,14-10-2023,TRUE,49
699,16-05-2024,06-01-2025,TRUE,99
700,22-05-2024,,FALSE,99
701,08-03-2024,,FALSE,149
702,30-09-2022,22-02-2024,TRUE,99
703,30-05-2024,,FALSE,19
704,03-03-2022,,FALSE,149
705,19-08-2023,,FALSE,29
706,29-05-2024,,FALSE,79
707,30-12-2023,,FALSE,19
708,08-12-2022,16-08-2023,TRUE,29
709,01-02-2023,,FALSE,29
710,30-11-2023,,FALSE,149
711,19-01-2022,27-09-2022,TRUE,49
712,26-06-2022,,FALSE,49
713,04-09-2023,,FALSE,19
714,31-01-2023,,FALSE,49
715,21-03-2023,,FALSE,29
716,21-08-2022,,FALSE,49
717,17-03-2022,,FALSE,99
718,22-09-2022,13-05-2023,TRUE,49
719,31-03-2023,,FALSE,29
720,06-03-2024,20-07-2025,TRUE,149
721,19-12-2023,,FALSE,19
722,05-01-2024,,FALSE,79
723,19-01-2023,,FALSE,49
724,18-07-2023,,FALSE,29
725,30-04-2024,,FALSE,79
726,21-05-2023,,FALSE,79
727,02-01-2023,,FALSE,99
728,24-05-2022,11-09-2023,TRUE,79
729,03-06-2024,,FALSE,149
730,10-03-2022,,FALSE,29
731,09-04-2022,,FALSE,29
732,31-01-2023,08-07-2023,TRUE,49
733,25-01-2022,16-08-2022,TRUE,49
734,09-06-2024,05-03-2025,TRUE,49
735,14-04-2023,05-07-2023,TRUE,149
736,29-04-2023,,FALSE,79
737,19-07-2023,,FALSE,79
738,31-05-2022,,FALSE,99
739,24-05-2022,09-05-2023,TRUE,149
740,23-07-2023,18-09-2024,TRUE,49
741,08-02-2022,19-12-2022,TRUE,19
742,19-04-2022,25-04-2023,TRUE,99
743,24-11-2023,20-08-2024,TRUE,19
744,11-02-2022,13-02-2023,TRUE,79
745,05-07-2022,,FALSE,99
746,02-02-2023,,FALSE,99
747,11-08-2022,,FALSE,29
748,26-09-2023,,FALSE,79
749,13-05-2022,,FALSE,79
750,12-06-2022,29-11-2023,TRUE,149
751,03-08-2022,23-01-2024,TRUE,99
752,03-01-2024,,FALSE,79
753,23-08-2022,17-06-2023,TRUE,99
754,22-04-2024,,FALSE,149
755,20-10-2023,,FALSE,149
756,21-01-2024,,FALSE,29
757,11-08-2023,02-07-2024,TRUE,99
758,09-01-2022,,FALSE,79
759,15-03-2022,06-07-2022,TRUE,79
760,07-05-2023,04-12-2023,TRUE,99
761,10-09-2022,,FALSE,99
762,18-08-2022,,FALSE,99
763,03-06-2023,11-10-2024,TRUE,49
764,23-06-2022,,FALSE,79
765,15-10-2023,,FALSE,149
766,17-06-2022,,FALSE,79
767,19-06-2022,,FALSE,49
768,28-01-2023,,FALSE,99
769,05-03-2024,,FALSE,29
770,26-09-2023,,FALSE,99
771,13-07-2022,10-03-2023,TRUE,99
772,01-06-2023,,FALSE,49
773,29-01-2022,12-02-2023,TRUE,79
774,14-06-2022,,FALSE,99
775,26-02-2023,14-03-2024,TRUE,79
776,05-12-2022,,FALSE,19
777,10-10-2023,,FALSE,149
778,11-05-2023,08-08-2023,TRUE,79
779,31-12-2022,25-02-2023,TRUE,29
780,12-04-2024,,FALSE,149
781,08-12-2022,,FALSE,29
782,15-05-2023,24-07-2024,TRUE,99
783,19-10-2023,,FALSE,149
784,26-05-2023,,FALSE,79
785,23-11-2022,,FALSE,149
786,05-08-2022,16-02-2023,TRUE,99
787,28-10-2022,,FALSE,49
788,12-05-2022,,FALSE,29
789,14-03-2024,,FALSE,99
790,11-03-2022,,FALSE,49
791,09-09-2022,,FALSE,149
792,19-02-2023,15-05-2023,TRUE,149
793,26-02-2024,,FALSE,99
794,21-03-2023,,FALSE,79
795,25-05-2024,21-09-2024,TRUE,149
796,01-07-2022,,FALSE,79
797,16-06-2022,16-01-2023,TRUE,79
798,01-04-2022,25-07-2022,TRUE,79
799,15-12-2023,,FALSE,19
800,07-05-2024,,FALSE,49
801,15-06-2023,,FALSE,49
802,08-02-2022,26-12-2022,TRUE,149
803,06-05-2022,,FALSE,149
804,27-03-2023,21-04-2024,TRUE,79
805,22-06-2022,,FALSE,19
806,15-10-2023,,FALSE,79
807,24-01-2024,,FALSE,19
808,08-08-2022,,FALSE,79
809,30-09-2023,,FALSE,29
810,27-02-2022,,FALSE,29
811,22-10-2023,,FALSE,99
812,21-04-2023,,FALSE,79
813,01-04-2023,,FALSE,149
814,08-04-2024,26-05-2025,TRUE,49
815,13-06-2024,03-02-2025,TRUE,99
816,27-12-2022,,FALSE,149
817,01-01-2022,16-07-2022,TRUE,29
818,22-01-2023,09-12-2023,TRUE,79
819,14-12-2022,,FALSE,99
820,09-07-2022,,FALSE,79
821,20-05-2023,,FALSE,29
822,10-07-2022,,FALSE,99
823,23-05-2023,,FALSE,29
824,04-01-2023,23-06-2024,TRUE,19
825,13-02-2023,,FALSE,29
826,03-04-2024,18-05-2025,TRUE,79
827,27-04-2022,,FALSE,49
828,14-05-2022,,FALSE,29
829,27-02-2022,,FALSE,149
830,10-07-2023,,FALSE,49
831,16-11-2023,,FALSE,19
832,03-11-2023,21-11-2023,TRUE,99
833,22-06-2022,,FALSE,99
834,08-04-2024,28-01-2025,TRUE,49
835,25-03-2024,09-11-2024,TRUE,99
836,29-05-2022,06-08-2023,TRUE,29
837,21-03-2022,,FALSE,49
838,04-06-2024,,FALSE,79
839,01-08-2022,24-11-2022,TRUE,29
840,22-07-2022,08-01-2024,TRUE,29
841,03-02-2024,,FALSE,29
842,17-08-2022,06-07-2023,TRUE,79
843,07-11-2023,,FALSE,19
844,15-08-2022,,FALSE,149
845,21-10-2023,,FALSE,99
846,16-06-2023,,FALSE,49
847,17-03-2023,22-08-2024,TRUE,19
848,06-02-2023,,FALSE,49
849,16-02-2022,,FALSE,99
850,21-08-2022,,FALSE,79
851,01-11-2022,17-01-2023,TRUE,29
852,10-06-2023,,FALSE,29
853,23-05-2022,,FALSE,79
854,19-02-2023,17-10-2023,TRUE,19
855,28-05-2023,,FALSE,19
856,08-01-2023,,FALSE,49
857,20-07-2023,,FALSE,79
858,04-06-2024,01-10-2024,TRUE,19
859,16-09-2022,,FALSE,79
860,18-10-2023,,FALSE,99
861,16-04-2023,,FALSE,29
862,12-01-2022,27-03-2023,TRUE,29
863,26-11-2022,,FALSE,29
864,06-01-2024,01-10-2024,TRUE,79
865,23-02-2024,,FALSE,79
866,24-12-2022,,FALSE,49
867,12-02-2023,30-04-2024,TRUE,29
868,30-10-2023,,FALSE,49
869,08-01-2023,,FALSE,29
870,08-01-2022,,FALSE,49
871,02-05-2022,,FALSE,49
872,14-12-2022,,FALSE,99
873,07-11-2023,28-01-2025,TRUE,49
874,31-03-2022,,FALSE,79
875,10-10-2023,18-05-2024,TRUE,49
876,29-11-2023,10-01-2024,TRUE,29
877,12-11-2022,,FALSE,49
878,27-06-2022,12-06-2023,TRUE,19
879,24-06-2023,,FALSE,149
880,02-01-2024,,FALSE,29
881,18-05-2024,,FALSE,19
882,10-02-2022,04-05-2022,TRUE,29
883,10-01-2024,,FALSE,79
884,05-12-2023,15-05-2025,TRUE,149
885,17-05-2023,,FALSE,149
886,25-05-2022,,FALSE,79
887,20-07-2022,,FALSE,149
888,25-12-2023,,FALSE,79
889,06-04-2023,04-10-2023,TRUE,19
890,02-01-2024,18-01-2025,TRUE,99
891,22-01-2024,,FALSE,29
892,12-07-2023,,FALSE,79
893,01-07-2023,,FALSE,29
894,10-09-2022,02-06-2023,TRUE,19
895,25-01-2023,28-07-2023,TRUE,99
896,17-08-2023,29-11-2023,TRUE,19
897,01-06-2024,,FALSE,149
898,13-09-2022,,FALSE,29
899,10-12-2023,,FALSE,99
900,25-03-2024,,FALSE,149
901,26-03-2023,28-06-2024,TRUE,99
902,10-01-2022,,FALSE,149
903,03-04-2024,,FALSE,19
904,08-03-2024,,FALSE,79
905,30-08-2022,,FALSE,29
906,08-09-2022,,FALSE,49
907,26-05-2024,,FALSE,49
908,05-01-2022,09-11-2022,TRUE,19
909,29-04-2022,10-10-2022,TRUE,29
910,11-03-2024,,FALSE,29
911,09-01-2023,04-06-2023,TRUE,19
912,06-03-2022,27-05-2023,TRUE,29
913,26-05-2022,07-08-2022,TRUE,79
914,12-08-2022,,FALSE,19
915,27-08-2022,28-03-2023,TRUE,79
916,26-06-2022,,FALSE,29
917,18-02-2024,,FALSE,19
918,02-05-2024,17-12-2024,TRUE,29
919,09-10-2022,07-02-2024,TRUE,19
920,04-03-2022,,FALSE,29
921,05-08-2022,,FALSE,79
922,03-05-2024,19-01-2025,TRUE,79
923,06-04-2024,,FALSE,29
924,05-03-2024,05-04-2025,TRUE,19
925,20-11-2023,,FALSE,49
926,06-04-2023,,FALSE,79
927,02-09-2023,,FALSE,79
928,15-04-2022,,FALSE,149
929,09-04-2022,18-12-2022,TRUE,49
930,26-05-2023,,FALSE,29
931,20-01-2023,05-02-2024,TRUE,19
932,09-02-2023,,FALSE,149
933,02-04-2024,,FALSE,29
934,02-06-2023,,FALSE,99
935,21-04-2023,20-10-2023,TRUE,79
936,10-12-2023,13-02-2024,TRUE,99
937,12-05-2024,,FALSE,79
938,07-10-2023,,FALSE,79
939,19-05-2024,17-06-2025,TRUE,99
940,10-02-2024,,FALSE,99
941,13-03-2023,13-07-2024,TRUE,29
942,23-01-2022,,FALSE,149
943,19-07-2023,,FALSE,149
944,08-11-2023,,FALSE,99
945,15-12-2023,18-03-2024,TRUE,29
946,03-04-2023,,FALSE,149
947,24-03-2022,09-04-2023,TRUE,29
948,25-05-2022,,FALSE,29
949,26-03-2022,14-07-2023,TRUE,79
950,19-03-2022,,FALSE,149
951,02-04-2023,,FALSE,149
952,27-05-2024,,FALSE,79
953,01-01-2022,,FALSE,99
954,20-02-2022,,FALSE,79
955,16-11-2023,,FALSE,149
956,18-12-2023,,FALSE,149
957,11-02-2024,,FALSE,99
958,22-03-2023,,FALSE,79
959,25-03-2023,,FALSE,19
960,30-05-2024,,FALSE,19
961,03-05-2023,,FALSE,99
962,10-03-2024,19-06-2025,TRUE,79
963,03-02-2022,27-05-2023,TRUE,79
964,14-12-2022,19-04-2024,TRUE,29
965,05-04-2022,13-06-2023,TRUE,149
966,13-03-2022,27-10-2022,TRUE,49
967,05-07-2023,,FALSE,99
968,03-06-2022,21-06-2023,TRUE,49
969,07-09-2022,,FALSE,49
970,05-11-2023,12-03-2024,TRUE,99
971,14-03-2023,12-08-2024,TRUE,79
972,28-04-2022,,FALSE,99
973,10-02-2024,,FALSE,49
974,09-06-2024,30-04-2025,TRUE,149
975,02-11-2022,,FALSE,149
976,25-09-2022,,FALSE,149
977,23-02-2022,,FALSE,79
978,24-08-2022,,FALSE,19
979,24-01-2023,,FALSE,99
980,04-01-2024,,FALSE,149
981,02-02-2024,,FALSE,99
982,04-04-2024,,FALSE,149
983,05-02-2023,02-06-2024,TRUE,79
984,16-09-2023,,FALSE,19
985,06-02-2024,04-04-2024,TRUE,19
986,30-10-2022,,FALSE,149
987,26-07-2022,,FALSE,79
988,17-08-2022,,FALSE,29
989,02-05-2024,05-07-2025,TRUE,99
990,01-08-2023,17-04-2024,TRUE,99
991,16-03-2022,,FALSE,49
992,11-03-2023,,FALSE,79
993,13-04-2022,,FALSE,49
994,26-02-2023,04-06-2023,TRUE,149
995,05-12-2023,,FALSE,49
996,03-02-2024,11-09-2024,TRUE,19
997,08-01-2024,,FALSE,99
998,16-03-2024,28-08-2024,TRUE,49
999,02-11-2022,,FALSE,19
1000,08-04-2022,04-10-2022,TRUE,79
1001,29-04-2024,,FALSE,49
1002,08-03-2024,,FALSE,149
1003,01-12-2022,09-05-2023,TRUE,149
1004,08-05-2024,,FALSE,149
1005,11-03-2023,01-05-2023,TRUE,99
1006,23-03-2023,04-03-2024,TRUE,49
1007,04-11-2022,,FALSE,79
1008,06-09-2022,,FALSE,49
1009,15-06-2022,,FALSE,99
1010,26-04-2023,,FALSE,19
1011,01-12-2022,,FALSE,99
1012,26-06-2023,16-08-2024,TRUE,149
1013,29-01-2024,01-04-2025,TRUE,19
1014,16-04-2022,,FALSE,149
1015,17-07-2023,,FALSE,29
1016,22-03-2022,20-05-2022,TRUE,99
1017,13-05-2022,03-07-2023,TRUE,99
1018,07-03-2024,,FALSE,79
1019,18-06-2024,,FALSE,49
1020,18-05-2022,24-12-2022,TRUE,19
1021,03-07-2022,,FALSE,19
1022,05-02-2023,,FALSE,79
1023,26-11-2022,10-02-2023,TRUE,79
1024,24-02-2024,03-05-2025,TRUE,49
1025,23-05-2023,,FALSE,149
1026,01-05-2024,,FALSE,49
1027,10-03-2022,05-07-2023,TRUE,99
1028,30-06-2023,,FALSE,149
1029,13-02-2024,,FALSE,29
1030,22-02-2022,,FALSE,49
1031,26-03-2023,,FALSE,79
1032,24-07-2022,,FALSE,149
1033,06-05-2022,,FALSE,49
1034,17-01-2024,,FALSE,19
1035,12-02-2022,,FALSE,29
1036,22-01-2024,,FALSE,99
1037,01-06-2024,,FALSE,19
1038,21-04-2022,24-05-2022,TRUE,19
1039,31-01-2024,,FALSE,29
1040,25-10-2023,,FALSE,99
1041,02-07-2022,16-07-2023,TRUE,79
1042,27-04-2024,,FALSE,149
1043,05-04-2022,,FALSE,99
1044,09-01-2023,19-11-2023,TRUE,49
1045,04-06-2023,,FALSE,19
1046,18-06-2024,09-07-2024,TRUE,49
1047,26-12-2022,12-03-2024,TRUE,79
1048,18-06-2024,,FALSE,49
1049,27-11-2023,06-04-2024,TRUE,99
1050,08-10-2022,,FALSE,49
1051,14-07-2022,,FALSE,79
1052,13-05-2024,,FALSE,79
1053,14-07-2022,,FALSE,79
1054,29-10-2023,02-04-2025,TRUE,99
1055,03-04-2022,,FALSE,79
1056,03-11-2023,07-10-2024,TRUE,19
1057,02-03-2022,,FALSE,79
1058,26-09-2023,,FALSE,49
1059,20-02-2022,30-04-2022,TRUE,149
1060,07-02-2023,,FALSE,49
1061,28-02-2024,,FALSE,149
1062,05-01-2022,,FALSE,49
1063,11-04-2023,,FALSE,99
1064,27-08-2023,22-10-2023,TRUE,49
1065,13-11-2023,,FALSE,99
1066,08-04-2024,13-02-2025,TRUE,99
1067,18-06-2023,,FALSE,79
1068,09-02-2023,,FALSE,19
1069,17-04-2024,,FALSE,149
1070,28-05-2023,,FALSE,79
1071,07-10-2023,08-06-2024,TRUE,79
1072,21-08-2022,,FALSE,99
1073,08-06-2023,,FALSE,99
1074,12-12-2022,23-03-2024,TRUE,149
1075,15-02-2022,,FALSE,49
1076,30-06-2023,11-08-2024,TRUE,49
1077,19-03-2022,,FALSE,79
1078,31-12-2023,,FALSE,29
1079,23-03-2024,,FALSE,29
1080,14-03-2022,01-09-2023,TRUE,49
1081,04-03-2024,,FALSE,29
1082,06-09-2022,,FALSE,49
1083,16-02-2022,,FALSE,99
1084,01-05-2022,,FALSE,79
1085,02-08-2022,,FALSE,19
1086,27-08-2022,,FALSE,79
1087,25-02-2022,,FALSE,49
1088,16-12-2022,,FALSE,49
1089,17-04-2022,,FALSE,79
1090,10-04-2024,,FALSE,149
1091,17-02-2022,,FALSE,49
1092,27-07-2023,,FALSE,29
1093,03-12-2022,10-12-2023,TRUE,29
1094,26-01-2022,29-04-2023,TRUE,49
1095,14-03-2024,03-08-2024,TRUE,49
1096,14-09-2022,07-11-2023,TRUE,149
1097,08-01-2022,,FALSE,29
1098,17-09-2023,,FALSE,49
1099,16-05-2024,,FALSE,49
1100,10-09-2022,,FALSE,149
1101,23-11-2023,,FALSE,149
1102,20-12-2023,,FALSE,79
1103,30-10-2022,,FALSE,149
1104,01-10-2023,,FALSE,19
1105,25-02-2022,,FALSE,29
1106,27-12-2023,05-02-2025,TRUE,79
1107,10-06-2023,,FALSE,19
1108,19-04-2023,,FALSE,49
1109,28-01-2022,,FALSE,49
1110,19-03-2022,12-10-2022,TRUE,79
1111,04-08-2022,,FALSE,149
1112,21-01-2023,,FALSE,49
1113,31-12-2022,02-04-2023,TRUE,99
1114,28-10-2023,,FALSE,79
1115,10-06-2023,,FALSE,19
1116,30-11-2023,,FALSE,79
1117,08-11-2022,15-02-2023,TRUE,29
1118,01-06-2024,,FALSE,149
1119,07-01-2022,,FALSE,149
1120,03-01-2022,,FALSE,79
1121,15-09-2023,29-10-2023,TRUE,49
1122,20-01-2024,,FALSE,49
1123,29-12-2022,,FALSE,99
1124,21-01-2024,,FALSE,99
1125,23-05-2023,,FALSE,149
1126,01-10-2022,03-12-2022,TRUE,99
1127,21-05-2023,,FALSE,19
1128,16-03-2024,22-08-2024,TRUE,99
1129,09-01-2024,,FALSE,19
1130,01-06-2024,23-08-2024,TRUE,99
1131,15-01-2022,,FALSE,149
1132,11-07-2022,,FALSE,149
1133,23-09-2023,,FALSE,19
1134,30-04-2023,11-07-2023,TRUE,79
1135,28-01-2022,,FALSE,149
1136,15-12-2023,21-04-2025,TRUE,79
1137,08-02-2022,,FALSE,49
1138,30-09-2022,,FALSE,19
1139,19-08-2022,,FALSE,149
1140,27-03-2022,,FALSE,29
1141,19-04-2023,,FALSE,49
1142,06-05-2022,08-08-2023,TRUE,79
1143,22-03-2024,,FALSE,149
1144,21-06-2023,,FALSE,19
1145,25-05-2022,,FALSE,99
1146,09-06-2023,14-04-2024,TRUE,29
1147,31-07-2022,,FALSE,79
1148,25-01-2022,,FALSE,49
1149,03-08-2023,,FALSE,19
1150,29-01-2023,,FALSE,29
1151,08-03-2022,,FALSE,19
1152,21-08-2022,22-02-2023,TRUE,149
1153,19-04-2022,27-09-2022,TRUE,99
1154,26-05-2022,,FALSE,49
1155,21-04-2022,01-09-2023,TRUE,19
1156,16-08-2022,,FALSE,79
1157,21-04-2022,,FALSE,149
1158,15-04-2023,29-02-2024,TRUE,149
1159,03-02-2022,09-05-2023,TRUE,49
1160,15-09-2023,07-05-2024,TRUE,149
1161,15-02-2024,,FALSE,79
1162,04-01-2023,,FALSE,19
1163,18-01-2024,,FALSE,49
1164,18-08-2023,13-09-2024,TRUE,149
1165,08-07-2023,13-04-2024,TRUE,149
1166,01-03-2023,,FALSE,79
1167,05-09-2023,23-12-2023,TRUE,99
1168,02-06-2023,,FALSE,99
1169,23-11-2023,,FALSE,149
1170,09-10-2022,,FALSE,19
1171,16-11-2022,,FALSE,49
1172,08-01-2024,,FALSE,149
1173,19-03-2023,,FALSE,29
1174,11-11-2022,,FALSE,49
1175,26-05-2024,26-02-2025,TRUE,99
1176,11-01-2024,,FALSE,149
1177,12-01-2023,07-04-2023,TRUE,79
1178,16-10-2022,06-06-2023,TRUE,29
1179,13-03-2023,,FALSE,149
1180,24-10-2023,,FALSE,19
1181,04-10-2022,,FALSE,29
1182,11-12-2023,,FALSE,149
1183,05-08-2023,,FALSE,19
1184,18-05-2023,01-09-2023,TRUE,29
1185,16-09-2023,04-02-2024,TRUE,19
1186,31-05-2023,,FALSE,19
1187,16-12-2022,,FALSE,29
1188,22-04-2024,,FALSE,29
1189,22-03-2023,,FALSE,19
1190,09-04-2024,12-07-2024,TRUE,99
1191,16-12-2022,,FALSE,29
1192,30-08-2023,,FALSE,149
1193,26-10-2023,04-07-2024,TRUE,49
1194,02-04-2024,,FALSE,79
1195,17-05-2022,,FALSE,19
1196,29-01-2024,18-02-2025,TRUE,19
1197,17-06-2024,,FALSE,79
1198,31-08-2022,,FALSE,99
1199,27-06-2023,08-11-2024,TRUE,79
1200,09-02-2022,,FALSE,29
1201,17-08-2022,25-09-2022,TRUE,79
1202,02-07-2023,,FALSE,19
1203,11-08-2022,,FALSE,79
1204,06-01-2022,25-06-2022,TRUE,49
1205,18-11-2022,,FALSE,149
1206,13-04-2023,,FALSE,29
1207,02-01-2024,,FALSE,79
1208,16-03-2022,,FALSE,19
1209,04-01-2022,19-06-2023,TRUE,149
1210,26-04-2024,,FALSE,29
1211,08-10-2023,,FALSE,19
1212,28-04-2022,,FALSE,99
1213,30-05-2024,09-08-2024,TRUE,49
1214,29-08-2023,,FALSE,99
1215,19-05-2023,,FALSE,49
1216,28-07-2023,,FALSE,79
1217,17-03-2023,,FALSE,29
1218,13-07-2022,15-08-2022,TRUE,79
1219,26-04-2024,,FALSE,49
1220,16-12-2023,,FALSE,49
1221,27-01-2023,29-02-2024,TRUE,49
1222,26-01-2022,,FALSE,149
1223,11-03-2023,,FALSE,19
1224,22-06-2022,15-01-2023,TRUE,29
1225,27-10-2022,,FALSE,79
1226,07-10-2023,,FALSE,79
1227,22-11-2022,,FALSE,99
1228,14-02-2023,23-10-2023,TRUE,49
1229,28-04-2022,,FALSE,49
1230,15-04-2024,,FALSE,49
1231,26-02-2024,02-04-2025,TRUE,79
1232,25-12-2023,,FALSE,99
1233,13-08-2022,,FALSE,19
1234,16-06-2023,,FALSE,149
1235,23-04-2022,,FALSE,29
1236,20-05-2022,,FALSE,19
1237,13-07-2023,,FALSE,79
1238,01-01-2022,,FALSE,149
1239,31-03-2022,,FALSE,149
1240,16-10-2023,,FALSE,149
1241,16-11-2022,,FALSE,49
1242,04-07-2023,,FALSE,29
1243,15-03-2024,,FALSE,79
1244,12-06-2024,,FALSE,79
1245,19-05-2022,,FALSE,149
1246,26-05-2023,,FALSE,79
1247,17-05-2024,,FALSE,29
1248,24-04-2024,08-07-2025,TRUE,29
1249,16-09-2022,04-07-2023,TRUE,99
1250,04-11-2023,,FALSE,99
1251,21-11-2023,19-07-2024,TRUE,19
1252,10-01-2022,13-12-2022,TRUE,29
1253,18-09-2022,04-03-2023,TRUE,29
1254,12-10-2023,19-06-2024,TRUE,29
1255,21-06-2022,29-08-2022,TRUE,99
1256,16-06-2024,,FALSE,149
1257,13-01-2022,08-04-2023,TRUE,149
1258,17-06-2022,,FALSE,79
1259,04-10-2023,,FALSE,149
1260,19-08-2023,,FALSE,49
1261,17-11-2022,20-03-2023,TRUE,99
1262,15-11-2022,,FALSE,29
1263,05-09-2023,,FALSE,149
1264,25-11-2022,,FALSE,99
1265,24-02-2024,,FALSE,149
1266,16-02-2024,,FALSE,19
1267,04-07-2023,,FALSE,29
1268,23-02-2023,,FALSE,19
1269,29-08-2023,,FALSE,29
1270,05-04-2022,,FALSE,99
1271,27-03-2024,,FALSE,79
1272,04-08-2023,18-02-2024,TRUE,149
1273,14-11-2022,,FALSE,149
1274,24-08-2022,10-09-2023,TRUE,49
1275,30-11-2022,30-06-2023,TRUE,19
1276,03-06-2024,23-06-2025,TRUE,149
1277,11-01-2023,,FALSE,99
1278,04-04-2023,,FALSE,79
1279,17-05-2022,08-06-2023,TRUE,99
1280,11-08-2023,03-01-2025,TRUE,19
1281,01-07-2023,,FALSE,49
1282,28-05-2023,,FALSE,149
1283,23-10-2022,,FALSE,99
1284,16-11-2022,,FALSE,29
1285,26-07-2023,,FALSE,79
1286,11-04-2024,12-11-2024,TRUE,99
1287,15-12-2022,,FALSE,79
1288,19-04-2024,,FALSE,149
1289,18-02-2024,25-07-2025,TRUE,29
1290,22-05-2024,,FALSE,49
1291,17-08-2022,19-07-2023,TRUE,49
1292,27-09-2022,13-07-2023,TRUE,29
1293,07-04-2024,,FALSE,79
1294,08-03-2024,,FALSE,149
1295,18-10-2022,,FALSE,99
1296,26-12-2023,,FALSE,29
1297,14-06-2022,25-01-2023,TRUE,19
1298,05-01-2022,07-06-2023,TRUE,79
1299,30-04-2024,,FALSE,49
1300,14-01-2023,,FALSE,29
1301,19-03-2022,29-07-2022,TRUE,49
1302,14-02-2023,,FALSE,79
1303,28-07-2023,22-09-2023,TRUE,49
1304,12-05-2022,,FALSE,29
1305,24-08-2023,18-07-2024,TRUE,79
1306,19-01-2024,,FALSE,19
1307,11-02-2022,,FALSE,29
1308,30-03-2022,08-03-2023,TRUE,99
1309,06-02-2023,,FALSE,149
1310,23-10-2022,,FALSE,29
1311,19-04-2024,20-05-2024,TRUE,79
1312,22-10-2022,15-08-2023,TRUE,149
1313,08-09-2023,06-06-2024,TRUE,29
1314,10-06-2023,13-07-2023,TRUE,19
1315,10-03-2024,,FALSE,19
1316,22-11-2023,,FALSE,99
1317,29-09-2023,,FALSE,49
1318,26-02-2023,08-05-2024,TRUE,149
1319,14-05-2024,06-09-2025,TRUE,79
1320,23-01-2022,14-02-2023,TRUE,79
1321,29-07-2023,,FALSE,49
1322,23-05-2022,,FALSE,19
1323,27-10-2023,30-01-2024,TRUE,19
1324,25-05-2022,,FALSE,29
1325,13-08-2022,,FALSE,99
1326,18-05-2023,,FALSE,149
1327,31-03-2024,,FALSE,99
1328,08-09-2023,,FALSE,99
1329,14-04-2022,,FALSE,29
1330,08-02-2022,,FALSE,99
1331,17-07-2022,,FALSE,49
1332,08-10-2023,19-12-2024,TRUE,29
1333,02-08-2023,18-10-2024,TRUE,49
1334,26-01-2023,03-03-2024,TRUE,29
1335,28-06-2022,,FALSE,99
1336,08-07-2023,11-02-2024,TRUE,49
1337,24-03-2023,,FALSE,49
1338,15-05-2023,,FALSE,49
1339,15-01-2022,,FALSE,29
1340,15-09-2023,12-04-2024,TRUE,79
1341,31-10-2023,,FALSE,99
1342,16-10-2022,,FALSE,49
1343,23-04-2023,,FALSE,149
1344,19-08-2022,14-06-2023,TRUE,79
1345,24-02-2023,,FALSE,149
1346,06-06-2022,02-01-2023,TRUE,99
1347,04-07-2023,20-05-2024,TRUE,99
1348,17-03-2023,,FALSE,49
1349,07-04-2022,,FALSE,49
1350,15-02-2023,,FALSE,29
1351,16-10-2022,,FALSE,79
1352,11-09-2022,,FALSE,79
1353,15-07-2022,,FALSE,49
1354,21-08-2023,,FALSE,99
1355,13-04-2024,,FALSE,49
1356,06-06-2023,04-07-2023,TRUE,99
1357,01-06-2023,,FALSE,99
1358,27-09-2023,,FALSE,49
1359,21-04-2024,28-09-2024,TRUE,19
1360,14-05-2024,,FALSE,79
1361,28-04-2022,,FALSE,149
1362,16-03-2024,,FALSE,99
1363,08-06-2022,,FALSE,99
1364,25-03-2024,,FALSE,19
1365,16-08-2022,,FALSE,149
1366,26-05-2024,,FALSE,29
1367,04-08-2022,,FALSE,19
1368,27-11-2023,,FALSE,149
1369,15-01-2022,27-03-2022,TRUE,19
1370,06-06-2022,16-01-2023,TRUE,99
1371,10-10-2023,,FALSE,79
1372,18-09-2022,,FALSE,19
1373,06-06-2022,,FALSE,29
1374,16-02-2022,,FALSE,49
1375,20-11-2022,13-11-2023,TRUE,149
1376,23-04-2024,10-02-2025,TRUE,19
1377,16-11-2023,,FALSE,19
1378,10-05-2022,19-12-2022,TRUE,29
1379,15-02-2023,30-01-2024,TRUE,79
1380,05-04-2022,01-02-2023,TRUE,19
1381,19-09-2023,,FALSE,19
1382,25-01-2024,,FALSE,79
1383,19-10-2022,12-07-2023,TRUE,29
1384,04-03-2024,,FALSE,149
1385,21-03-2024,,FALSE,149
1386,10-10-2022,,FALSE,19
1387,10-03-2022,14-12-2022,TRUE,79
1388,22-10-2023,,FALSE,19
1389,11-01-2022,,FALSE,49
1390,11-09-2022,,FALSE,149
1391,21-04-2024,,FALSE,99
1392,21-05-2024,02-03-2025,TRUE,49
1393,04-07-2023,,FALSE,19
1394,14-05-2022,,FALSE,29
1395,13-12-2023,18-02-2025,TRUE,149
1396,23-01-2022,,FALSE,99
1397,25-03-2024,05-11-2024,TRUE,49
1398,12-12-2022,,FALSE,149
1399,29-10-2022,,FALSE,79
1400,29-12-2022,,FALSE,29
1401,31-01-2023,,FALSE,49
1402,06-08-2022,,FALSE,79
1403,21-05-2022,,FALSE,19
1404,08-09-2023,,FALSE,79
1405,29-07-2022,,FALSE,49
1406,15-09-2023,,FALSE,49
1407,08-09-2023,21-09-2024,TRUE,19
1408,07-04-2024,,FALSE,79
1409,14-11-2023,,FALSE,79
1410,05-04-2023,04-07-2023,TRUE,19
1411,22-12-2022,,FALSE,79
1412,20-11-2022,,FALSE,149
1413,13-05-2022,13-04-2023,TRUE,19
1414,06-06-2024,,FALSE,29
1415,15-03-2024,,FALSE,49
1416,19-04-2024,,FALSE,29
1417,07-05-2022,28-07-2023,TRUE,149
1418,16-04-2022,17-08-2022,TRUE,149
1419,27-08-2023,,FALSE,99
1420,09-03-2024,,FALSE,99
1421,13-01-2023,,FALSE,99
1422,20-02-2022,,FALSE,19
1423,29-01-2022,19-07-2023,TRUE,79
1424,07-04-2023,,FALSE,149
1425,23-10-2022,23-12-2022,TRUE,29
1426,24-10-2022,,FALSE,29
1427,27-12-2023,,FALSE,29
1428,18-02-2024,,FALSE,29
1429,11-02-2023,,FALSE,99
1430,08-02-2024,07-03-2025,TRUE,29
1431,24-03-2024,,FALSE,79
1432,05-09-2023,,FALSE,99
1433,09-02-2023,,FALSE,29
1434,12-12-2022,01-04-2023,TRUE,19
1435,14-09-2023,,FALSE,49
1436,24-02-2023,,FALSE,49
1437,01-07-2022,26-10-2022,TRUE,49
1438,04-04-2024,,FALSE,99
1439,01-01-2022,,FALSE,29
1440,10-04-2024,,FALSE,149
1441,21-07-2023,28-12-2023,TRUE,149
1442,06-01-2023,16-02-2023,TRUE,149
1443,23-10-2023,27-01-2024,TRUE,99
1444,07-03-2023,,FALSE,79
1445,05-11-2022,,FALSE,19
1446,17-05-2022,02-08-2023,TRUE,19
1447,21-07-2022,,FALSE,49
1448,12-03-2023,,FALSE,49
1449,09-11-2022,16-03-2024,TRUE,149
1450,27-04-2022,,FALSE,149
1451,28-10-2023,,FALSE,49
1452,13-03-2024,,FALSE,29
1453,29-07-2023,,FALSE,79
1454,01-09-2022,24-02-2023,TRUE,79
1455,21-06-2023,,FALSE,79
1456,25-08-2023,,FALSE,79
1457,16-03-2022,,FALSE,49
1458,16-03-2024,,FALSE,19
1459,21-01-2023,,FALSE,49
1460,29-07-2022,,FALSE,79
1461,20-04-2023,,FALSE,49
1462,22-02-2023,,FALSE,79
1463,13-12-2022,,FALSE,99
1464,13-06-2023,,FALSE,149
1465,02-10-2023,21-11-2024,TRUE,19
1466,25-05-2024,29-10-2025,TRUE,99
1467,02-02-2024,25-03-2024,TRUE,29
1468,28-06-2022,,FALSE,49
1469,01-07-2022,,FALSE,29
1470,26-10-2023,,FALSE,49
1471,25-01-2022,,FALSE,149
1472,29-06-2022,,FALSE,99
1473,11-12-2023,19-05-2025,TRUE,149
1474,16-05-2023,,FALSE,79
1475,05-05-2024,,FALSE,149
1476,10-06-2022,,FALSE,149
1477,26-06-2022,07-08-2023,TRUE,79
1478,12-10-2022,,FALSE,49
1479,04-03-2022,,FALSE,79
1480,24-10-2023,,FALSE,99
1481,28-10-2023,,FALSE,149
1482,05-06-2022,,FALSE,79
1483,31-05-2024,21-10-2025,TRUE,149
1484,14-04-2023,,FALSE,99
1485,18-02-2022,,FALSE,29
1486,28-04-2024,,FALSE,99
1487,25-03-2022,,FALSE,19
1488,27-12-2022,29-07-2023,TRUE,19
1489,20-11-2023,15-08-2024,TRUE,19
1490,28-05-2022,,FALSE,149
1491,22-09-2023,,FALSE,49
1492,08-12-2022,,FALSE,49
1493,21-04-2023,31-10-2023,TRUE,49
1494,04-03-2022,,FALSE,149
1495,02-12-2023,,FALSE,99
1496,26-12-2022,,FALSE,49
1497,15-07-2023,,FALSE,29
1498,23-11-2022,,FALSE,19
1499,08-02-2024,,FALSE,99
1500,06-01-2024,12-02-2025,TRUE,19
1501,21-05-2022,,FALSE,49
1502,03-08-2022,,FALSE,99
1503,11-03-2023,,FALSE,79
1504,09-06-2024,,FALSE,29
1505,24-12-2023,08-02-2025,TRUE,49
1506,14-11-2022,05-05-2023,TRUE,49
1507,01-02-2022,,FALSE,29
1508,01-11-2023,19-11-2023,TRUE,29
1509,12-10-2022,,FALSE,79
1510,01-11-2022,,FALSE,49
1511,05-03-2023,,FALSE,149
1512,22-04-2023,,FALSE,49
1513,13-10-2022,,FALSE,19
1514,24-05-2022,,FALSE,99
1515,28-02-2023,,FALSE,99
1516,19-01-2022,,FALSE,19
1517,18-01-2022,18-07-2022,TRUE,99
1518,08-02-2024,,FALSE,29
1519,13-08-2023,,FALSE,99
1520,06-01-2023,,FALSE,99
1521,24-06-2022,,FALSE,19
1522,13-07-2022,,FALSE,79
1523,17-05-2023,,FALSE,99
1524,23-04-2022,18-08-2023,TRUE,149
1525,24-04-2022,,FALSE,99
1526,10-08-2022,,FALSE,79
1527,09-11-2023,,FALSE,19
1528,10-04-2024,,FALSE,79
1529,06-10-2023,02-12-2024,TRUE,19
1530,15-06-2024,,FALSE,29
1531,21-09-2022,,FALSE,19
1532,24-02-2022,,FALSE,29
1533,20-05-2024,,FALSE,29
1534,05-10-2023,,FALSE,19
1535,10-03-2024,10-05-2025,TRUE,149
1536,17-02-2024,,FALSE,49
1537,03-04-2023,,FALSE,19
1538,27-05-2024,31-12-2024,TRUE,99
1539,11-06-2022,05-01-2023,TRUE,149
1540,15-01-2023,21-09-2023,TRUE,149
1541,28-03-2022,08-09-2022,TRUE,99
1542,24-02-2022,,FALSE,49
1543,21-04-2023,,FALSE,149
1544,10-03-2024,,FALSE,29
1545,27-06-2022,,FALSE,49
1546,26-01-2023,,FALSE,99
1547,15-12-2022,,FALSE,49
1548,08-01-2022,,FALSE,19
1549,12-04-2024,,FALSE,49
1550,09-11-2022,,FALSE,29
1551,29-01-2024,,FALSE,19
1552,14-04-2024,04-10-2024,TRUE,79
1553,19-03-2023,06-01-2024,TRUE,99
1554,06-02-2024,,FALSE,99
1555,24-11-2022,,FALSE,49
1556,23-02-2022,,FALSE,149
1557,31-01-2024,,FALSE,19
1558,27-08-2022,,FALSE,79
1559,17-08-2022,,FALSE,19
1560,02-08-2023,,FALSE,99
1561,20-02-2022,,FALSE,19
1562,01-09-2023,,FALSE,79
1563,27-08-2023,,FALSE,149
1564,21-09-2022,,FALSE,49
1565,22-02-2023,15-04-2024,TRUE,29
1566,13-03-2024,,FALSE,19
1567,06-04-2022,25-02-2023,TRUE,29
1568,29-03-2022,,FALSE,99
1569,19-03-2022,,FALSE,49
1570,15-10-2022,05-01-2023,TRUE,49
1571,30-04-2022,20-08-2023,TRUE,19
1572,24-03-2024,,FALSE,149
1573,06-05-2023,,FALSE,49
1574,28-03-2023,08-07-2023,TRUE,19
1575,15-05-2023,,FALSE,19
1576,14-06-2022,31-01-2023,TRUE,29
1577,01-07-2022,,FALSE,49
1578,14-04-2023,,FALSE,19
1579,05-01-2024,,FALSE,29
1580,02-04-2024,,FALSE,79
1581,07-01-2022,,FALSE,29
1582,26-11-2022,,FALSE,29
1583,14-02-2024,29-02-2024,TRUE,19
1584,04-11-2023,01-04-2024,TRUE,99
1585,31-05-2022,31-05-2023,TRUE,99
1586,26-03-2022,,FALSE,149
1587,27-05-2022,28-10-2022,TRUE,99
1588,16-09-2023,,FALSE,29
1589,16-01-2023,,FALSE,149
1590,02-07-2023,,FALSE,19
1591,12-10-2022,,FALSE,49
1592,01-12-2023,,FALSE,29
1593,23-03-2022,,FALSE,29
1594,29-05-2023,,FALSE,149
1595,15-06-2024,,FALSE,19
1596,25-03-2024,,FALSE,79
1597,10-12-2023,05-05-2024,TRUE,29
1598,07-06-2023,,FALSE,79
1599,16-01-2024,,FALSE,79
1600,21-01-2023,01-08-2023,TRUE,99
1601,08-12-2023,,FALSE,19
1602,16-04-2023,22-04-2024,TRUE,79
1603,29-04-2022,,FALSE,19
1604,31-01-2023,29-02-2024,TRUE,99
1605,16-06-2023,,FALSE,19
1606,18-09-2022,,FALSE,29
1607,15-03-2024,,FALSE,79
1608,13-09-2022,,FALSE,19
1609,04-01-2024,,FALSE,49
1610,14-08-2022,,FALSE,19
1611,22-02-2022,01-06-2023,TRUE,79
1612,16-05-2024,,FALSE,99
1613,15-05-2023,,FALSE,99
1614,21-05-2023,,FALSE,79
1615,03-05-2024,,FALSE,29
1616,30-12-2022,,FALSE,29
1617,07-10-2022,,FALSE,99
1618,16-08-2023,,FALSE,99
1619,15-12-2023,,FALSE,79
1620,07-06-2022,27-09-2023,TRUE,29
1621,24-09-2023,24-01-2024,TRUE,99
1622,28-02-2022,14-07-2022,TRUE,29
1623,28-12-2023,,FALSE,99
1624,08-05-2022,08-06-2022,TRUE,19
1625,06-01-2024,,FALSE,49
1626,22-12-2023,,FALSE,149
1627,31-05-2024,27-12-2024,TRUE,19
1628,25-04-2022,,FALSE,149
1629,28-07-2022,,FALSE,99
1630,10-06-2023,16-05-2024,TRUE,49
1631,05-06-2023,,FALSE,49
1632,06-07-2023,02-06-2024,TRUE,99
1633,25-08-2022,,FALSE,99
1634,08-10-2022,,FALSE,29
1635,25-12-2022,,FALSE,99
1636,20-07-2022,,FALSE,79
1637,28-01-2024,,FALSE,99
1638,05-10-2022,,FALSE,79
1639,23-08-2022,29-12-2023,TRUE,99
1640,09-05-2023,30-01-2024,TRUE,29
1641,04-01-2022,,FALSE,79
1642,28-10-2023,,FALSE,19
1643,18-03-2023,,FALSE,79
1644,29-01-2022,,FALSE,29
1645,19-04-2022,,FALSE,149
1646,02-09-2023,31-01-2025,TRUE,79
1647,28-12-2023,,FALSE,99
1648,15-03-2024,,FALSE,99
1649,16-03-2022,27-07-2022,TRUE,149
1650,17-04-2024,11-09-2025,TRUE,29
1651,26-05-2022,08-10-2023,TRUE,49
1652,08-05-2022,,FALSE,99
1653,02-05-2024,,FALSE,19
1654,11-02-2022,11-04-2022,TRUE,29
1655,22-12-2022,15-11-2023,TRUE,79
1656,10-02-2022,22-08-2022,TRUE,79
1657,03-02-2022,,FALSE,19
1658,17-01-2022,,FALSE,99
1659,08-11-2023,,FALSE,29
1660,02-06-2022,,FALSE,19
1661,13-01-2023,,FALSE,99
1662,11-08-2023,,FALSE,29
1663,22-08-2023,,FALSE,79
1664,21-09-2023,26-11-2024,TRUE,29
1665,23-05-2024,23-08-2024,TRUE,149
1666,08-12-2022,13-11-2023,TRUE,49
1667,27-01-2022,,FALSE,29
1668,04-04-2024,,FALSE,49
1669,14-10-2022,,FALSE,29
1670,08-10-2023,13-10-2024,TRUE,49
1671,01-01-2024,,FALSE,149
1672,17-06-2022,,FALSE,79
1673,02-09-2023,05-11-2024,TRUE,99
1674,25-09-2022,,FALSE,49
1675,19-01-2024,,FALSE,149
1676,31-03-2024,,FALSE,49
1677,31-03-2023,10-09-2024,TRUE,79
1678,16-11-2023,01-07-2024,TRUE,49
1679,05-02-2023,,FALSE,149
1680,21-04-2023,18-07-2023,TRUE,149
1681,03-12-2023,,FALSE,19
1682,26-09-2023,,FALSE,79
1683,12-07-2023,,FALSE,19
1684,30-07-2023,,FALSE,79
1685,10-05-2022,,FALSE,49
1686,01-04-2024,06-09-2025,TRUE,149
1687,29-12-2022,,FALSE,19
1688,06-12-2023,,FALSE,49
1689,29-03-2024,,FALSE,149
1690,24-11-2023,04-11-2024,TRUE,79
1691,19-10-2022,,FALSE,149
1692,06-01-2023,,FALSE,49
1693,04-03-2024,19-06-2024,TRUE,19
1694,29-01-2022,16-07-2023,TRUE,19
1695,29-05-2022,08-03-2023,TRUE,149
1696,18-02-2024,,FALSE,49
1697,23-10-2022,17-11-2023,TRUE,29
1698,11-01-2022,29-01-2022,TRUE,79
1699,27-05-2023,,FALSE,79
1700,07-11-2023,,FALSE,49
1701,23-04-2022,22-09-2022,TRUE,29
1702,06-07-2022,08-03-2023,TRUE,19
1703,17-03-2024,22-05-2024,TRUE,99
1704,14-01-2024,18-12-2024,TRUE,99
1705,15-08-2022,,FALSE,49
1706,06-11-2022,24-08-2023,TRUE,29
1707,08-04-2022,21-08-2023,TRUE,29
1708,24-02-2022,,FALSE,79
1709,15-09-2023,,FALSE,19
1710,26-10-2023,,FALSE,149
1711,28-01-2024,,FALSE,29
1712,10-02-2023,24-07-2024,TRUE,149
1713,10-03-2022,,FALSE,99
1714,08-11-2022,,FALSE,149
1715,16-10-2022,,FALSE,19
1716,01-02-2024,,FALSE,19
1717,02-07-2023,15-12-2023,TRUE,149
1718,21-01-2024,,FALSE,49
1719,28-05-2022,07-10-2023,TRUE,29
1720,12-04-2023,,FALSE,49
1721,09-01-2024,,FALSE,149
1722,01-09-2022,,FALSE,29
1723,06-05-2023,03-02-2024,TRUE,79
1724,28-04-2024,,FALSE,49
1725,22-05-2023,,FALSE,49
1726,31-12-2022,,FALSE,149
1727,27-04-2023,,FALSE,99
1728,20-07-2022,,FALSE,149
1729,03-06-2022,,FALSE,49
1730,26-03-2023,27-02-2024,TRUE,29
1731,16-05-2023,,FALSE,99
1732,14-03-2022,12-09-2022,TRUE,149
1733,14-12-2023,,FALSE,149
1734,23-10-2022,,FALSE,49
1735,17-01-2022,,FALSE,49
1736,03-10-2023,22-08-2024,TRUE,79
1737,05-08-2022,,FALSE,149
1738,02-03-2022,,FALSE,49
1739,08-09-2023,,FALSE,19
1740,11-02-2022,,FALSE,99
1741,25-01-2022,02-06-2023,TRUE,19
1742,08-02-2022,,FALSE,99
1743,13-03-2024,,FALSE,149
1744,11-05-2022,20-07-2022,TRUE,79
1745,13-05-2023,11-09-2024,TRUE,49
1746,17-08-2022,,FALSE,49
1747,18-04-2022,,FALSE,49
1748,21-06-2022,,FALSE,149
1749,11-03-2023,,FALSE,99
1750,23-04-2023,27-02-2024,TRUE,49
1751,12-04-2022,31-07-2023,TRUE,19
1752,15-05-2024,18-04-2025,TRUE,49
1753,08-06-2023,10-11-2023,TRUE,149
1754,02-10-2022,,FALSE,79
1755,05-09-2023,07-06-2024,TRUE,19
1756,13-02-2022,,FALSE,49
1757,27-03-2024,,FALSE,49
1758,17-01-2022,,FALSE,29
1759,26-11-2022,,FALSE,99
1760,23-07-2023,,FALSE,19
1761,02-04-2024,10-06-2025,TRUE,29
1762,12-05-2023,,FALSE,79
1763,25-03-2024,05-12-2024,TRUE,99
1764,12-01-2022,,FALSE,19
1765,14-11-2022,,FALSE,49
1766,15-08-2023,18-08-2024,TRUE,19
1767,04-08-2022,14-02-2023,TRUE,49
1768,05-12-2022,,FALSE,99
1769,15-02-2024,,FALSE,49
1770,23-10-2023,,FALSE,79
1771,22-03-2022,,FALSE,149
1772,28-12-2023,17-03-2024,TRUE,49
1773,30-04-2023,,FALSE,79
1774,09-01-2023,,FALSE,149
1775,11-12-2023,,FALSE,99
1776,19-07-2022,,FALSE,99
1777,21-06-2023,,FALSE,19
1778,11-04-2023,,FALSE,79
1779,30-03-2022,,FALSE,79
1780,25-09-2022,22-09-2023,TRUE,29
1781,17-10-2023,,FALSE,29
1782,25-07-2023,,FALSE,149
1783,04-05-2023,05-11-2023,TRUE,149
1784,26-05-2024,,FALSE,29
1785,22-06-2023,,FALSE,149
1786,16-02-2022,,FALSE,49
1787,15-10-2022,15-02-2024,TRUE,29
1788,17-02-2024,,FALSE,79
1789,16-01-2022,01-02-2023,TRUE,49
1790,12-12-2023,,FALSE,149
1791,05-02-2023,06-06-2023,TRUE,99
1792,04-03-2024,,FALSE,19
1793,27-03-2022,,FALSE,29
1794,07-09-2022,,FALSE,99
1795,26-01-2023,,FALSE,149
1796,21-02-2024,,FALSE,79
1797,01-12-2022,,FALSE,19
1798,21-09-2023,17-12-2024,TRUE,99
1799,03-06-2023,,FALSE,19
1800,17-05-2022,13-01-2023,TRUE,29
1801,01-06-2024,,FALSE,149
1802,19-11-2023,19-02-2025,TRUE,79
1803,19-04-2024,,FALSE,149
1804,13-05-2023,,FALSE,19
1805,06-04-2024,,FALSE,99
1806,28-12-2023,28-03-2025,TRUE,29
1807,22-04-2023,,FALSE,29
1808,17-08-2023,,FALSE,149
1809,11-08-2022,,FALSE,99
1810,07-01-2023,,FALSE,99
1811,06-02-2023,,FALSE,19
1812,19-03-2023,,FALSE,149
1813,05-05-2023,,FALSE,149
1814,07-09-2023,,FALSE,49
1815,30-09-2022,,FALSE,149
1816,10-06-2023,24-07-2024,TRUE,29
1817,08-06-2022,14-09-2022,TRUE,19
1818,01-06-2022,28-06-2022,TRUE,99
1819,12-09-2023,31-01-2025,TRUE,149
1820,07-07-2022,,FALSE,19
1821,23-03-2024,,FALSE,149
1822,08-04-2022,15-01-2023,TRUE,99
1823,11-05-2022,,FALSE,79
1824,15-03-2024,05-09-2025,TRUE,99
1825,20-06-2022,,FALSE,99
1826,02-07-2022,,FALSE,99
1827,30-12-2022,,FALSE,149
1828,08-02-2022,22-06-2022,TRUE,49
1829,11-06-2023,,FALSE,99
1830,06-06-2024,,FALSE,29
1831,12-05-2023,,FALSE,29
1832,31-05-2023,,FALSE,19
1833,15-12-2022,,FALSE,49
1834,01-02-2023,03-02-2024,TRUE,19
1835,23-12-2023,,FALSE,29
1836,10-06-2022,,FALSE,29
1837,16-01-2022,,FALSE,79
1838,08-05-2023,18-07-2023,TRUE,99
1839,02-03-2023,,FALSE,29
1840,18-04-2022,,FALSE,149
1841,12-06-2024,,FALSE,149
1842,26-03-2023,,FALSE,19
1843,07-11-2022,,FALSE,19
1844,09-01-2024,03-03-2024,TRUE,99
1845,19-06-2022,,FALSE,99
1846,30-06-2023,,FALSE,79
1847,18-02-2023,,FALSE,49
1848,08-09-2022,,FALSE,19
1849,29-01-2024,,FALSE,99
1850,20-02-2024,,FALSE,19
1851,21-05-2022,06-05-2023,TRUE,99
1852,01-10-2022,,FALSE,29
1853,20-02-2023,,FALSE,19
1854,31-08-2023,,FALSE,29
1855,09-01-2024,14-07-2024,TRUE,19
1856,09-06-2024,,FALSE,49
1857,08-02-2022,,FALSE,79
1858,24-03-2024,22-12-2024,TRUE,149
1859,29-01-2022,,FALSE,149
1860,22-04-2023,04-10-2024,TRUE,149
1861,14-11-2022,,FALSE,29
1862,02-09-2022,21-02-2024,TRUE,99
1863,18-01-2024,28-05-2024,TRUE,149
1864,28-11-2023,,FALSE,49
1865,29-09-2022,,FALSE,149
1866,16-03-2023,,FALSE,19
1867,18-01-2024,03-08-2024,TRUE,29
1868,27-08-2022,,FALSE,19
1869,12-01-2023,,FALSE,19
1870,23-09-2022,,FALSE,19
1871,25-12-2022,,FALSE,79
1872,06-12-2022,,FALSE,79
1873,24-01-2023,,FALSE,99
1874,31-07-2023,,FALSE,29
1875,20-11-2023,29-03-2024,TRUE,49
1876,03-01-2022,,FALSE,49
1877,05-03-2023,,FALSE,49
1878,22-05-2022,,FALSE,19
1879,11-01-2023,06-07-2023,TRUE,79
1880,01-11-2023,,FALSE,29
1881,20-11-2022,29-07-2023,TRUE,19
1882,26-05-2022,,FALSE,79
1883,20-10-2022,,FALSE,79
1884,27-10-2023,15-01-2024,TRUE,149
1885,08-03-2023,,FALSE,149
1886,06-12-2023,,FALSE,29
1887,08-08-2023,,FALSE,29
1888,03-02-2023,,FALSE,29
1889,27-03-2024,,FALSE,19
1890,07-06-2024,30-08-2024,TRUE,99
1891,10-12-2022,,FALSE,29
1892,20-05-2022,,FALSE,149
1893,06-07-2022,,FALSE,99
1894,15-03-2024,,FALSE,19
1895,02-03-2022,,FALSE,99
1896,15-01-2023,,FALSE,49
1897,11-12-2023,,FALSE,99
1898,17-03-2024,21-06-2025,TRUE,29
1899,16-03-2023,,FALSE,19
1900,15-11-2022,,FALSE,29
1901,29-10-2022,,FALSE,149
1902,10-12-2022,,FALSE,49
1903,11-01-2022,,FALSE,149
1904,03-03-2022,07-05-2023,TRUE,29
1905,24-04-2024,,FALSE,29
1906,14-08-2022,,FALSE,29
1907,02-06-2022,,FALSE,79
1908,12-12-2023,11-03-2025,TRUE,49
1909,18-07-2023,07-11-2024,TRUE,29
1910,11-02-2024,27-03-2025,TRUE,29
1911,25-07-2023,,FALSE,149
1912,07-08-2023,19-09-2024,TRUE,149
1913,22-10-2023,,FALSE,29
1914,10-05-2024,,FALSE,19
1915,29-07-2023,03-07-2024,TRUE,79
1916,06-11-2022,,FALSE,149
1917,03-06-2024,,FALSE,19
1918,31-08-2022,,FALSE,79
1919,08-05-2023,,FALSE,29
1920,01-01-2023,,FALSE,49
1921,26-11-2022,,FALSE,99
1922,17-04-2022,,FALSE,99
1923,14-08-2022,,FALSE,29
1924,04-04-2024,18-07-2024,TRUE,149
1925,06-08-2022,,FALSE,19
1926,23-01-2024,,FALSE,49
1927,21-05-2023,,FALSE,79
1928,16-09-2022,09-12-2022,TRUE,29
1929,06-06-2024,,FALSE,49
1930,13-02-2024,11-08-2024,TRUE,49
1931,01-06-2023,,FALSE,149
1932,12-02-2024,,FALSE,79
1933,23-02-2022,09-10-2022,TRUE,49
1934,16-02-2022,,FALSE,149
1935,28-12-2023,,FALSE,19
1936,20-11-2023,,FALSE,149
1937,05-06-2023,,FALSE,19
1938,09-04-2022,24-03-2023,TRUE,19
1939,20-01-2022,07-02-2023,TRUE,49
1940,08-06-2024,10-08-2024,TRUE,149
1941,23-01-2024,,FALSE,19
1942,27-07-2023,01-10-2023,TRUE,79
1943,09-06-2024,,FALSE,49
1944,05-05-2023,,FALSE,149
1945,23-02-2023,,FALSE,149
1946,21-11-2023,,FALSE,99
1947,29-04-2024,,FALSE,149
1948,03-03-2022,,FALSE,49
1949,25-05-2022,,FALSE,79
1950,04-08-2022,,FALSE,149
1951,03-01-2022,02-11-2022,TRUE,99
1952,09-06-2022,17-02-2023,TRUE,49
1953,09-01-2024,,FALSE,19
1954,20-02-2024,,FALSE,29
1955,30-04-2022,,FALSE,29
1956,11-06-2024,,FALSE,19
1957,30-03-2022,,FALSE,149
1958,25-11-2022,,FALSE,29
1959,03-08-2023,,FALSE,29
1960,23-12-2022,,FALSE,19
1961,02-09-2023,,FALSE,149
1962,24-09-2022,,FALSE,149
1963,09-09-2023,03-02-2024,TRUE,19
1964,19-11-2022,,FALSE,149
1965,27-09-2023,,FALSE,149
1966,25-06-2023,,FALSE,49
1967,11-10-2023,,FALSE,49
1968,14-07-2022,,FALSE,19
1969,08-01-2024,06-07-2024,TRUE,79
1970,28-11-2022,,FALSE,29
1971,19-06-2022,,FALSE,49
1972,05-06-2023,27-06-2024,TRUE,29
1973,08-04-2023,29-04-2024,TRUE,99
1974,09-02-2022,16-06-2023,TRUE,19
1975,21-06-2023,26-10-2024,TRUE,79
1976,18-09-2022,29-07-2023,TRUE,99
1977,30-01-2023,06-05-2023,TRUE,99
1978,14-08-2022,,FALSE,149
1979,04-05-2022,,FALSE,99
1980,07-02-2022,,FALSE,19
1981,24-11-2022,,FALSE,49
1982,08-09-2022,,FALSE,19
1983,25-06-2022,,FALSE,49
1984,25-08-2023,,FALSE,99
1985,30-03-2023,,FALSE,99
1986,06-02-2022,,FALSE,79
1987,12-11-2022,,FALSE,49
1988,19-11-2023,28-02-2024,TRUE,99
1989,06-03-2024,,FALSE,149
1990,16-08-2023,,FALSE,29
1991,24-04-2022,,FALSE,79
1992,09-02-2022,06-10-2022,TRUE,19
1993,28-10-2022,,FALSE,79
1994,12-08-2022,,FALSE,29
1995,14-11-2022,,FALSE,49
1996,15-12-2022,,FALSE,19
1997,25-04-2022,,FALSE,19
1998,29-11-2023,,FALSE,49
1999,19-11-2022,,FALSE,79
2000,22-07-2023,21-08-2023,TRUE,99
2001,09-02-2022,,FALSE,79
2002,15-05-2024,,FALSE,29
2003,09-02-2022,,FALSE,149
2004,08-05-2024,,FALSE,99
2005,19-01-2024,,FALSE,79
2006,16-10-2022,,FALSE,149
2007,19-09-2022,,FALSE,149
2008,04-08-2022,,FALSE,49
2009,27-05-2022,,FALSE,29
2010,02-12-2022,,FALSE,29
2011,17-06-2022,24-06-2023,TRUE,29
2012,02-04-2022,,FALSE,99
2013,19-12-2022,,FALSE,19
2014,25-07-2023,,FALSE,99
2015,25-07-2023,,FALSE,79
2016,26-03-2024,,FALSE,149
2017,12-11-2023,,FALSE,149
2018,20-02-2024,,FALSE,19
2019,29-12-2022,24-06-2023,TRUE,79
2020,11-07-2023,20-12-2024,TRUE,19
2021,11-12-2022,10-12-2023,TRUE,149
2022,24-11-2023,,FALSE,99
2023,19-06-2022,,FALSE,29
2024,22-12-2022,,FALSE,149
2025,10-07-2022,,FALSE,49
2026,29-10-2023,,FALSE,29
2027,26-02-2023,18-06-2024,TRUE,149
2028,01-12-2023,,FALSE,99
2029,07-01-2022,,FALSE,19
2030,13-05-2022,06-06-2023,TRUE,29
2031,17-01-2024,02-05-2024,TRUE,99
2032,11-07-2023,22-01-2024,TRUE,79
2033,05-04-2024,14-02-2025,TRUE,49
2034,31-01-2024,,FALSE,29
2035,31-01-2022,22-08-2022,TRUE,19
2036,19-06-2023,,FALSE,79
2037,02-03-2023,,FALSE,99
2038,29-01-2023,,FALSE,49
2039,03-11-2023,,FALSE,19
2040,29-12-2022,,FALSE,99
2041,13-03-2023,,FALSE,99
2042,01-11-2023,,FALSE,29
2043,05-07-2023,28-05-2024,TRUE,29
2044,23-03-2022,,FALSE,19
2045,22-12-2022,12-05-2024,TRUE,149
2046,15-09-2022,,FALSE,149
2047,19-12-2023,09-05-2024,TRUE,99
2048,12-08-2023,,FALSE,29
2049,08-06-2023,,FALSE,49
2050,22-10-2022,,FALSE,49
2051,12-08-2022,,FALSE,99
2052,09-06-2023,,FALSE,29
2053,15-02-2022,02-08-2023,TRUE,19
2054,29-10-2023,,FALSE,19
2055,23-04-2022,,FALSE,19
2056,21-08-2022,,FALSE,49
2057,17-01-2022,,FALSE,29
2058,26-12-2022,,FALSE,29
2059,11-08-2022,,FALSE,49
2060,15-05-2024,,FALSE,19
2061,01-12-2023,13-02-2025,TRUE,19
2062,24-03-2023,11-10-2023,TRUE,99
2063,05-05-2024,15-08-2025,TRUE,149
2064,31-12-2022,,FALSE,79
2065,06-11-2023,,FALSE,149
2066,22-11-2022,,FALSE,29
2067,12-04-2023,,FALSE,29
2068,18-02-2023,,FALSE,29
2069,31-03-2023,,FALSE,149
2070,09-08-2023,,FALSE,79
2071,21-08-2022,19-12-2023,TRUE,99
2072,12-08-2022,07-04-2023,TRUE,149
2073,10-04-2024,,FALSE,79
2074,16-02-2023,,FALSE,19
2075,26-07-2023,,FALSE,19
2076,01-12-2022,,FALSE,29
2077,10-08-2022,,FALSE,49
2078,06-02-2022,24-07-2022,TRUE,29
2079,05-10-2022,05-10-2023,TRUE,49
2080,15-07-2022,,FALSE,79
2081,13-05-2024,,FALSE,19
2082,29-04-2023,,FALSE,149
2083,30-08-2022,,FALSE,49
2084,20-11-2022,,FALSE,79
2085,01-01-2024,,FALSE,19
2086,11-07-2022,19-12-2022,TRUE,149
2087,17-01-2022,,FALSE,49
2088,08-06-2023,,FALSE,29
2089,05-02-2023,,FALSE,29
2090,04-06-2024,,FALSE,29
2091,06-12-2023,03-12-2024,TRUE,79
2092,22-01-2022,,FALSE,29
2093,19-04-2023,,FALSE,99
2094,30-04-2022,,FALSE,19
2095,29-07-2022,,FALSE,79
2096,02-11-2022,,FALSE,149
2097,27-09-2022,,FALSE,29
2098,05-12-2023,,FALSE,19
2099,18-11-2023,01-06-2024,TRUE,49
2100,12-10-2022,,FALSE,29
2101,17-12-2023,,FALSE,19
2102,07-11-2023,,FALSE,99
2103,02-02-2024,,FALSE,49
2104,15-08-2022,,FALSE,99
2105,16-01-2023,,FALSE,149
2106,05-04-2023,,FALSE,19
2107,07-01-2022,,FALSE,99
2108,29-01-2022,10-08-2022,TRUE,149
2109,02-02-2022,,FALSE,19
2110,08-10-2023,,FALSE,19
2111,28-05-2024,,FALSE,99
2112,20-03-2022,12-05-2022,TRUE,19
2113,04-04-2023,,FALSE,29
2114,24-07-2023,,FALSE,19
2115,22-06-2023,09-07-2023,TRUE,79
2116,27-04-2023,,FALSE,149
2117,06-03-2023,,FALSE,19
2118,08-01-2024,,FALSE,79
2119,12-10-2022,,FALSE,19
2120,31-05-2023,,FALSE,19
2121,09-04-2022,,FALSE,99
2122,01-02-2023,,FALSE,29
2123,04-05-2023,21-07-2023,TRUE,149
2124,08-02-2022,23-03-2022,TRUE,29
2125,28-09-2022,,FALSE,49
2126,05-06-2024,26-06-2025,TRUE,99
2127,07-03-2024,,FALSE,99
2128,06-06-2022,,FALSE,29
2129,16-03-2022,,FALSE,99
2130,02-06-2024,,FALSE,29
2131,10-03-2024,,FALSE,99
2132,10-05-2022,,FALSE,19
2133,18-11-2023,,FALSE,29
2134,25-03-2022,13-09-2023,TRUE,29
2135,22-01-2022,,FALSE,79
2136,04-04-2023,,FALSE,99
2137,23-06-2023,,FALSE,99
2138,08-12-2023,,FALSE,29
2139,28-04-2024,17-08-2024,TRUE,19
2140,17-01-2023,,FALSE,19
2141,18-01-2024,,FALSE,149
2142,16-03-2023,,FALSE,19
2143,27-08-2023,,FALSE,99
2144,21-01-2022,,FALSE,79
2145,30-10-2022,,FALSE,29
2146,18-05-2024,,FALSE,49
2147,25-03-2022,,FALSE,79
2148,13-02-2024,,FALSE,49
2149,21-10-2023,19-01-2025,TRUE,79
2150,29-03-2023,,FALSE,19
2151,22-01-2023,,FALSE,99
2152,22-05-2023,25-12-2023,TRUE,49
2153,14-09-2022,13-11-2023,TRUE,79
2154,24-07-2023,,FALSE,99
2155,10-06-2024,,FALSE,49
2156,11-06-2023,,FALSE,29
2157,11-06-2022,,FALSE,79
2158,12-06-2022,17-07-2022,TRUE,29
2159,11-04-2024,05-08-2024,TRUE,19
2160,03-03-2024,02-05-2024,TRUE,29
2161,02-03-2024,21-05-2024,TRUE,29
2162,08-06-2023,03-12-2023,TRUE,149
2163,25-02-2024,,FALSE,79
2164,28-09-2022,,FALSE,19
2165,07-05-2023,09-09-2023,TRUE,29
2166,27-07-2022,14-07-2023,TRUE,99
2167,23-06-2023,,FALSE,49
2168,07-08-2023,22-12-2023,TRUE,29
2169,01-03-2022,,FALSE,19
2170,06-03-2023,,FALSE,29
2171,19-10-2023,,FALSE,49
2172,28-08-2023,,FALSE,19
2173,05-11-2022,09-02-2024,TRUE,79
2174,04-06-2023,,FALSE,19
2175,14-08-2023,,FALSE,79
2176,27-01-2022,,FALSE,19
2177,17-11-2023,17-09-2024,TRUE,49
2178,16-07-2023,,FALSE,49
2179,18-07-2022,,FALSE,19
2180,22-01-2023,,FALSE,29
2181,15-12-2022,,FALSE,49
2182,24-11-2023,,FALSE,79
2183,20-06-2023,,FALSE,79
2184,07-04-2024,,FALSE,99
2185,13-01-2023,,FALSE,149
2186,17-06-2024,,FALSE,149
2187,12-07-2023,,FALSE,149
2188,11-06-2023,,FALSE,79
2189,02-06-2022,,FALSE,99
2190,04-01-2024,,FALSE,149
2191,25-07-2022,,FALSE,149
2192,31-03-2023,,FALSE,19
2193,30-09-2022,,FALSE,19
2194,12-06-2024,,FALSE,19
2195,24-08-2022,,FALSE,29
2196,01-05-2024,01-07-2025,TRUE,149
2197,10-01-2024,,FALSE,29
2198,05-06-2023,,FALSE,99
2199,09-11-2023,30-08-2024,TRUE,79
2200,10-04-2024,,FALSE,149
